"","Year_located","Date_located","Project_ID","Nest_ID","Nest_Trt","Transect_ID","Point_ID","Direction","Distance","UTM_E","UTM_N","UTM_datum_zone","Nest_Ht","Cavity_age","Decay_class","Tree_Snag_Log","Tree_sp","Tree_ht","DBH","Orientation","Aspect","Slope","n_burn","last_burn","n_harvest","last_harvest","n_tx","last_tx","Trt_cat","Tm_since_b","Tm_since_h","Tm_since_tx"
"1",2015,"2015-06-02","EMFWOR","EMFWOR_NCAMC1-01A_2015","U","EMFWOR_CAMC1","EMFWOR_CAMC1-01",256,30,736223.852,4674241.706,"NAD83 10N",2.3,"N",2,"S","PIPO",3.7,73,20,34,14,0,NA,0,NA,0,NA,"U","oot","oot","oot"
"2",2017,"2017-06-23","EMFWOR","EMFWOR_NCAMC1-01A_2017","U","EMFWOR_CAMC1","EMFWOR_CAMC1-01",320,23,736049.868,4674165.093,"NAD83 10N",4.5,"N",1,"S","PIPO",18.5,56,140,35,4.1,0,NA,0,NA,0,NA,"U","oot","oot","oot"
"3",2018,"2018-06-27","EMFWOR","EMFWOR_NCAMC1-02A_2018","U","EMFWOR_CAMC1","EMFWOR_CAMC1-02",162,20,735854.022,4674500.782,"NAD83 10N",5.2,"N",3,"S","PIPO",6,109.8,300,99,6.5,0,NA,0,NA,0,NA,"U","oot","oot","oot"
"4",2019,"2019-06-13","EMFWOR","EMFWOR_NCAMC1-02A_2019","U","EMFWOR_CAMC1","EMFWOR_CAMC1-02",42,23,735854.022,4674500.782,"NAD83 10N",4.6,"N",3,"S","PIPO",6,109.8,218,99,6.5,0,NA,0,NA,0,NA,"U","oot","oot","oot"
"5",2015,"2015-06-23","EMFWOR","EMFWOR_NCAMC1-09A_2015","OB","EMFWOR_CAMC1","EMFWOR_CAMC1-09",303,20,734146.046,4674816.711,"NAD83 10N",2.9,"N",1,"S","PIPO",17.7,46.4,108,28,22.5,0,NA,0,NA,0,NA,"W","oot","oot","oot"
"6",2018,"2018-06-05","EMFWOR","EMFWOR_NCAMC1-09A_2018","OB","EMFWOR_CAMC1","EMFWOR_CAMC1-09",324,27,734142.735,4674992.744,"NAD83 10N",2.5,"N",2,"S","ABCO",3.5,47.1,141,19,7.1,0,NA,0,NA,0,NA,"W","oot","oot","oot"
"7",2019,"2019-07-03","EMFWOR","EMFWOR_NCAMC1-09A_2019","OB","EMFWOR_CAMC1","EMFWOR_CAMC1-09",265,29,734212.835,4674900.093,"NAD83 10N",2,"N",3,"S","PIPO",2.5,36.8,63,0,5,0,NA,0,NA,0,NA,"W","oot","oot","oot"
"8",2017,"2017-06-08","EMFWOR","EMFWOR_NCAMC1-10A_2017","OB","EMFWOR_CAMC1","EMFWOR_CAMC1-10",308,28,734048.834,4675048.08,"NAD83 10N",1.5,"N",3,"S","PIPO",3.9,38,109,230,8.5,0,NA,0,NA,0,NA,"W","oot","oot","oot"
"9",2020,"2020-07-06","EMFWOR","EMFWOR_NCAMC1-10A_2020","OB","EMFWOR_CAMC1","EMFWOR_CAMC1-10",200,29,734082,4674837,"NAD83 10N",3.6,"N",2,"S","PIPO",5.4,45.2,39,46,11.2,0,NA,0,NA,0,NA,"W","oot","oot","oot"
"10",2018,"2018-06-05","EMFWOR","EMFWOR_NCAMC2-10A_2018","U","EMFWOR_CAMC2","EMFWOR_CAMC2-10",270,27,734033.352,4673375.115,"NAD83 10N",3.9,"N",3,"S","PIPO",11.8,45.5,82,351,4.8,0,NA,0,NA,0,NA,"U","oot","oot","oot"
"11",2019,"2019-06-10","EMFWOR","EMFWOR_NCAMC2-10A_2019","U","EMFWOR_CAMC2","EMFWOR_CAMC2-10",272,6,734033.352,4673375.115,"NAD83 10N",3.9,"O",3,"S","PIPO",11.8,45.5,82,351,4.8,0,NA,0,NA,0,NA,"U","oot","oot","oot"
"12",2018,"2018-05-31","EMFWOR","EMFWOR_NCAMC3-08A_2018","U","EMFWOR_CAMC3","EMFWOR_CAMC3-08",218,13,736788.526,4672348.876,"NAD83 10N",3.1,"N",1,"S","POTR5",12.4,37.9,51,101,4,0,NA,0,NA,0,NA,"U","oot","oot","oot"
"13",2020,"2020-06-01","EMFWOR","EMFWOR_NCAMC3-08A_2020","U","EMFWOR_CAMC3","EMFWOR_CAMC3-08",262,43,736840,4672331,"NAD83 10N",4.8,"N",1,"S","POTR5",14.8,39.3,102,0,0,0,NA,0,NA,0,NA,"U","oot","oot","oot"
"14",2018,"2018-06-27","EMFWOR","EMFWOR_NCAMC4-01A_2018","OB","EMFWOR_CAMC4","EMFWOR_CAMC4-01",201,30,730466.081,4670801.226,"NAD83 10N",3.1,"N",2,"S","POTR5",12.1,38.6,2,130,3.2,1,2018,0,NA,1,2018,"B","0","oot","0"
"15",2020,"2020-06-10","EMFWOR","EMFWOR_NCAMC4-01A_2020","OB","EMFWOR_CAMC4","EMFWOR_CAMC4-01",296,16,730397,4670730,"NAD83 10N",1.7,"N",2,"S","POTR5",11.6,19.1,90,100,2.8,1,2018,0,NA,1,2018,"B","2","oot","2"
"16",2016,"2016-06-30","EMFWOR","EMFWOR_NCAMC4-07A_2016","U","EMFWOR_CAMC4","EMFWOR_CAMC4-07",160,69,731297.83,4672241.124,"NAD83 10N",1.7,"N",1,"S","POTR5",11.5,22.3,322,136,5,0,NA,0,NA,0,NA,"U","oot","oot","oot"
"17",2018,"2018-06-14","EMFWOR","EMFWOR_NCAMC4-07A_2018","U","EMFWOR_CAMC4","EMFWOR_CAMC4-07",314,14,731201.49,4672312.908,"NAD83 10N",1.7,"O",0,"T","POTR5",14.4,26.1,156,112,2.6,0,NA,0,NA,0,NA,"U","oot","oot","oot"
"18",2019,"2019-06-04","EMFWOR","EMFWOR_NCAMC4-07A_2019","U","EMFWOR_CAMC4","EMFWOR_CAMC4-07",14,7,731273.206,4672499.492,"NAD83 10N",3.9,"N",1,"S","POTR5",8.4,31.8,194,230,1,0,NA,0,NA,0,NA,"U","oot","oot","oot"
"19",2020,"2020-05-26","EMFWOR","EMFWOR_NCAMC4-09A_2020","U","EMFWOR_CAMC4","EMFWOR_CAMC4-09",358,20,731999,4672899,"NAD83 10N",2.1,"N",0,"T","POTR5",16.6,30.8,220,262,2.5,0,NA,0,NA,0,NA,"U","oot","oot","oot"
"20",2016,"2016-06-29","EMFWOR","EMFWOR_NCAMC4-10A_2016","U","EMFWOR_CAMC4","EMFWOR_CAMC4-10",166,35,732175.477,4672535.133,"NAD83 10N",4.6,"N",2,"S","PIPO",27,90.5,359,103,2.5,0,NA,0,NA,0,NA,"U","oot","oot","oot"
"21",2017,"2017-07-10","EMFWOR","EMFWOR_NCAMC4-10A_2017","U","EMFWOR_CAMC4","EMFWOR_CAMC4-10",259,10,732027.551,4672859.957,"NAD83 10N",6.2,"N",2,"S","POTR5",9.5,35.6,39,79,2,0,NA,0,NA,0,NA,"U","oot","oot","oot"
"22",2018,"2018-06-27","EMFWOR","EMFWOR_NCAMC4-10A_2018","U","EMFWOR_CAMC4","EMFWOR_CAMC4-10",248,35,732060.31,4672999.402,"NAD83 10N",1.7,"N",0,"T","POTR5",9.5,27.4,32,89,2.5,0,NA,0,NA,0,NA,"U","oot","oot","oot"
"23",2018,"2018-05-11","EMFWOR","EMFWOR_NCAMC4-10B_2018","U","EMFWOR_CAMC4","EMFWOR_CAMC4-10",282,21,732577.857,4672536.684,"NAD83 10N",2.5,"N",2,"S","POTR5",8,20.6,80,81,2,0,NA,0,NA,0,NA,"U","oot","oot","oot"
"24",2015,"2015-06-04","EMFWOR","EMFWOR_NCAMC5-01A_2015","U","EMFWOR_CAMC5","EMFWOR_CAMC5-01",326,25,731236.877,4673698.091,"NAD83 10N",2.4,"N",0,"T","POTR5",12.3,36,136,10,1,0,NA,0,NA,0,NA,"U","oot","oot","oot"
"25",2017,"2017-05-26","EMFWOR","EMFWOR_NCAMC5-01A_2017","U","EMFWOR_CAMC5","EMFWOR_CAMC5-01",16,15,731257.358,4673696.147,"NAD83 10N",2.4,"N",2,"S","POTR5",9.5,33,198,5,2.6,0,NA,0,NA,0,NA,"U","oot","oot","oot"
"26",2018,"2018-05-08","EMFWOR","EMFWOR_NCAMC5-01A_2018","U","EMFWOR_CAMC5","EMFWOR_CAMC5-01",54,43,731242.445,4673678.932,"NAD83 10N",7.3,"N",0,"T","POTR5",16,46.5,243,2,1,0,NA,0,NA,0,NA,"U","oot","oot","oot"
"27",2020,"2020-06-02","EMFWOR","EMFWOR_NCAMC5-01A_2020","U","EMFWOR_CAMC5","EMFWOR_CAMC5-01",351,18,731252,4673876,"NAD83 10N",1.5,"N",3,"S","POTR5",3.2,24.4,175,0,0,0,NA,0,NA,0,NA,"U","oot","oot","oot"
"28",2015,"2015-05-29","EMFWOR","EMFWOR_NCAMC7-06A_2015","U","EMFWOR_CAMC7","EMFWOR_CAMC7-06",328,50,730509.493,4676247.396,"NAD83 10N",1.7,"O",0,"T","POTR5",10.6,37.5,191,322,2.8,0,NA,0,NA,0,NA,"U","oot","oot","oot"
"29",2018,"2018-06-14","EMFWOR","EMFWOR_NCAMC7-06A_2018","U","EMFWOR_CAMC7","EMFWOR_CAMC7-06",137,32,730511.661,4676215.028,"NAD83 10N",7.5,"N",0,"T","POTR5",13,28.3,272,310,6,0,NA,0,NA,0,NA,"U","oot","oot","oot"
"30",2020,"2020-06-25","EMFWOR","EMFWOR_NCAMC7-06A_2020","U","EMFWOR_CAMC7","EMFWOR_CAMC7-06",97,29,730512,4676306,"NAD83 10N",4,"O",2,"S","PIPO",13,74.2,330,0,0,0,NA,0,NA,0,NA,"U","oot","oot","oot"
"31",2016,"2016-06-28","EMFWOR","EMFWOR_NCAMC8-06A_2016","U","EMFWOR_CAMC8","EMFWOR_CAMC8-06",86,17,730136.1,4674072.146,"NAD83 10N",3.8,"N",2,"S","PIPO",25.5,65.4,255,33,3.5,0,NA,0,NA,0,NA,"U","oot","oot","oot"
"32",2017,"2017-05-25","EMFWOR","EMFWOR_NCAMC8-07A_2017","U","EMFWOR_CAMC8","EMFWOR_CAMC8-07",100,27,730403.539,4674257.705,"NAD83 10N",1.8,"N",2,"S","POTR5",8.75,34.5,322,318,1.75,0,NA,0,NA,0,NA,"U","oot","oot","oot"
"33",2018,"2018-05-29","EMFWOR","EMFWOR_NCAMC8-07A_2018","U","EMFWOR_CAMC8","EMFWOR_CAMC8-07",100,27,730403.539,4674257.705,"NAD83 10N",1.8,"O",2,"S","POTR5",8.75,34.5,322,318,1.75,0,NA,0,NA,0,NA,"U","oot","oot","oot"
"34",2019,"2019-06-04","EMFWOR","EMFWOR_NCAMC8-07A_2019","U","EMFWOR_CAMC8","EMFWOR_CAMC8-07",172,31,730403.539,4674257.705,"NAD83 10N",1.8,"O",2,"S","POTR5",8.75,34.5,322,318,1.75,0,NA,0,NA,0,NA,"U","oot","oot","oot"
"35",2019,"2019-07-15","EMFWOR","EMFWOR_NCAMC8-09A_2019","U","EMFWOR_CAMC8","EMFWOR_CAMC8-09",108,34,730382.053,4674717.222,"NAD83 10N",4,"N",2,"S","POTR5",9.8,30.4,322,276,1,0,NA,0,NA,0,NA,"U","oot","oot","oot"
"36",2020,"2020-06-02","EMFWOR","EMFWOR_NCAMC8-09A_2020","U","EMFWOR_CAMC8","EMFWOR_CAMC8-09",100,25,730393,4674912,"NAD83 10N",2.4,"O",1,"S","POTR5",11.9,29.5,333,0,0,0,NA,0,NA,0,NA,"U","oot","oot","oot"
"37",2017,"2017-06-29","EMFWOR","EMFWOR_NLFTT2-01A_2017","U","EMFWOR_LFTT2","EMFWOR_LFTT2-01",161,20,726668.276,4684345.878,"NAD83 10N",5.6,"N",0,"T","POTR5",10.6,29.5,310,90,25,0,NA,2,2012,2,2012,"H","oot","5","5"
"38",2018,"2018-06-07","EMFWOR","EMFWOR_NLFTT2-01A_2018","HT","Incidental","Incidental",252,32,726414.789,4683130.505,"NAD83 10N",4.2,"N",3,"S","PIPO",5.3,75.2,330,240,21,0,NA,1,2018,1,2018,"H","oot","0","0"
"39",2018,"2018-06-08","EMFWOR","EMFWOR_NLFTT2-01B_2018","U","EMFWOR_LFTT2","EMFWOR_LFTT2-01",136,37,726661.143,4684325.227,"NAD83 10N",7.4,"N",0,"T","POTR5",13.3,35.9,312,62,2.8,0,NA,1,2018,1,2018,"H","oot","0","0"
"40",2019,"2019-07-05","EMFWOR","EMFWOR_NLILT1-07A_2019","HT","EMFWOR_LILT1","EMFWOR_LILT1-07",2,38,729458.748,4700330.137,"NAD83 10N",4.2,"N",0,"T","POTR5",14.4,41.8,197,62,5,0,NA,1,2018,1,2018,"H","oot","1","1"
"41",2020,"2020-06-30","EMFWOR","EMFWOR_NLILT1-07A_2020","HTB","EMFWOR_LILT1","EMFWOR_LILT1-07",38,37,729508,4700434,"NAD83 10N",2.6,"N",2,"S","POTR5",10.4,39.8,204,55,5,0,NA,2,2018,2,2018,"H","oot","2","2"
"42",2021,"2021-07-20","EMFWOR","EMFWOR_NLILT1-08A_2021","OAB","EMFWOR_LILT1","EMFWOR_LILT1-08",250,7,729808,4700372,"NAD83 10N",2.5,"N",2,"S","POTR5",3.8,32.8,109,148,2.9,0,NA,3,2021,3,2021,"H","oot","0","0"
"43",2016,"2016-06-24","EMFWOR","EMFWOR_NLILT1-10A_2016","U","EMFWOR_LILT1","EMFWOR_LILT1-10",238,35,730457.564,4700147.578,"NAD83 10N",3.9,"N",3,"S","PIPO",4.2,74.3,65,18,2,0,NA,0,NA,0,NA,"U","oot","oot","oot"
"44",2020,"2020-06-30","EMFWOR","EMFWOR_NLILT3-04A_2020","HTB","EMFWOR_LILT3","EMFWOR_LILT3-04",311,50,730355,4696043,"NAD83 10N",2,"N",3,"S","PIPO",3.4,65.4,133,120,8.5,0,NA,3,2020,3,2020,"H","oot","0","0"
"45",2017,"2017-06-28","EMFWOR","EMFWOR_NLILT3-10A_2017","HT","EMFWOR_LILT3","EMFWOR_LILT3-10",54,15,731286.483,4696186.746,"NAD83 10N",2.6,"N",2,"S","PIPO",4.2,41,252,166,5.8,0,NA,1,2017,1,2017,"H","oot","0","0"
"46",2018,"2018-05-30","EMFWOR","EMFWOR_NLILT3-10A_2018","HT","EMFWOR_LILT3","EMFWOR_LILT3-10",290,33,731275.3,4696079.92,"NAD83 10N",1.5,"N",3,"S","PIPO",3.8,85.6,113,80,5.7,0,NA,1,2018,1,2018,"H","oot","0","0"
"47",2015,"2015-06-05","EMFWOR","EMFWOR_NMUDT1-05A_2015","U","EMFWOR_MUDT1","EMFWOR_MUDT1-05",57,35,728522.566,4683118.158,"NAD83 10N",7.5,"N",1,"S","POTR5",13.5,31.8,188,318,4.2,0,NA,0,NA,0,NA,"U","oot","oot","oot"
"48",2016,"2016-06-22","EMFWOR","EMFWOR_NMUDT1-05A_2016","U","EMFWOR_MUDT1","EMFWOR_MUDT1-05",57,35,728522.566,4683118.158,"NAD83 10N",7.5,"O",1,"S","POTR5",13.5,31.8,188,318,4.2,0,NA,0,NA,0,NA,"U","oot","oot","oot"
"49",2018,"2018-06-19","EMFWOR","EMFWOR_NMUDT1-05A_2018","U","EMFWOR_MUDT1","EMFWOR_MUDT1-05",20,42,728264.557,4683067.425,"NAD83 10N",2.5,"N",2,"S","POTR5",4.2,39.1,232,358,7.1,0,NA,0,NA,0,NA,"U","oot","oot","oot"
"50",2020,"2020-06-18","EMFWOR","EMFWOR_NMUDT1-05A_2020","U","EMFWOR_MUDT1","EMFWOR_MUDT1-05",108,18,728472,4683164,"NAD83 10N",3.2,"N",1,"S","POTR5",9,28.5,324,305,2.5,0,NA,4,2019,4,2019,"H","oot","1","1"
"51",2021,"2021-06-30","EMFWOR","EMFWOR_NMUDT1-05A_2021","U","EMFWOR_MUDT1","EMFWOR_MUDT1-05",108,18,728472,4683164,"NAD83 10N",3.2,"O",1,"S","POTR5",9,28.5,324,305,2.5,0,NA,5,2021,5,2021,"H","oot","0","0"
"52",2018,"2018-06-06","EMFWOR","EMFWOR_NPINT1-03A_2018","U","EMFWOR_PINT1","EMFWOR_PINT1-03",0,8,731016.747,4687980.468,"NAD83 10N",6.1,"N",2,"S","POTR5",11.1,44.1,180,235,3.4,0,NA,1,2018,1,2018,"H","oot","0","0"
"53",2015,"2015-05-26","EMFWOR","EMFWOR_NRIMT1-01A_2015","U","EMFWOR_RIMT1","EMFWOR_RIMT1-01",2,55,726400.536,4695188.174,"NAD83 10N",1.9,"O",0,"T","POTR5",8.8,32,185,160,2.9,0,NA,0,NA,0,NA,"U","oot","oot","oot"
"54",2016,"2016-06-24","EMFWOR","EMFWOR_NRIMT1-01A_2016","U","EMFWOR_RIMT1","EMFWOR_RIMT1-01",276,30,726611.095,4695073.646,"NAD83 10N",1,"N",1,"L","PIPO",1.2,42,153,221,8.5,0,NA,0,NA,0,NA,"U","oot","oot","oot"
"55",2016,"2016-07-07","EMFWOR","EMFWOR_NSWRC2-09A_2016","U","EMFWOR_SWRC2","EMFWOR_SWRC2-09",83,40,735690.246,4659189.282,"NAD83 10N",3.6,"N",1,"S","POTR5",14.5,22.7,258,245,29.9,0,NA,0,NA,0,NA,"U","oot","oot","oot"
"56",2017,"2017-06-22","EMFWOR","EMFWOR_NSWRC2-09A_2017","U","EMFWOR_SWRC2","EMFWOR_SWRC2-09",70,29,735690.246,4659189.282,"NAD83 10N",3.6,"O",1,"S","POTR5",14.5,22.7,258,245,29.9,0,NA,0,NA,0,NA,"U","oot","oot","oot"
"57",2018,"2018-06-13","EMFWOR","EMFWOR_NSWRC2-09A_2018","U","EMFWOR_SWRC2","EMFWOR_SWRC2-09",70,29,735690.246,4659189.282,"NAD83 10N",3.6,"O",1,"S","POTR5",14.5,22.7,258,245,29.9,0,NA,0,NA,0,NA,"U","oot","oot","oot"
"58",2015,"2015-05-28","EMFWOR","EMFWOR_NSWRC2-10A_2015","U","Incidental","Incidental",999,999,733979.221,4662771.227,"NAD83 10N",2.3,"N",2,"S","PIPO",3.5,101,158,94,7.1,0,NA,0,NA,0,NA,"U","oot","oot","oot"
"59",2019,"2019-06-17","EMFWOR","EMFWOR_NSWRC3-03A_2019","U","EMFWOR_SWRC3","EMFWOR_SWRC3-03",181,35,738257.193,4659559.049,"NAD83 10N",3.2,"N",2,"S","PIPO",16.8,64.4,342,300,5,0,NA,0,NA,0,NA,"U","oot","oot","oot"
"60",2020,"2020-06-02","EMFWOR","EMFWOR_NSWRC3-03A_2020","U","EMFWOR_SWRC3","EMFWOR_SWRC3-03",284,31,738218,4659661,"NAD83 10N",8.7,"N",2,"S","PIPO",9,40.9,90,297,2.9,0,NA,0,NA,0,NA,"U","oot","oot","oot"
"61",2018,"2018-06-26","EMFWOR","EMFWOR_NSWRC3-03B_2018","U","EMFWOR_SWRC3","EMFWOR_SWRC3-03",340,5,738313.038,4659500.136,"NAD83 10N",6.7,"N",0,"T","PIPO",26,130.7,214,6,3.5,0,NA,0,NA,0,NA,"U","oot","oot","oot"
"62",2016,"2016-06-27","EMFWOR","EMFWOR_NSWRC3-04A_2016","U","Incidental","Incidental",321,20,740281.912,4658618.442,"NAD83 10N",1.35,"N",2,"S","POTR5",10.5,27.5,105,23,2.5,0,NA,0,NA,0,NA,"U","oot","oot","oot"
"63",2018,"2018-06-04","EMFWOR","EMFWOR_NSWRC3-04A_2018","U","Incidental","Incidental",2,15,740282.109,4658624.905,"NAD83 10N",2.3,"N",1,"S","POTR5",11.4,23.8,188,26,4.2,0,NA,0,NA,0,NA,"U","oot","oot","oot"
"64",2020,"2020-06-24","EMFWOR","EMFWOR_NSWRC3-04A_2020","U","Incidental","Incidental",210,20,740285,4658504,"NAD83 10N",2.2,"N",2,"S","POTR5",2.8,24.2,48,56,2,0,NA,0,NA,0,NA,"U","oot","oot","oot"
"65",2015,"2015-06-16","EMFWOR","EMFWOR_NSWRC3-09A_2015","U","EMFWOR_SWRC3","EMFWOR_SWRC3-09",297,48,738426.913,4660909.512,"NAD83 10N",7.3,"N",2,"S","PIPO",15.5,83.3,112,288,4.2,0,NA,0,NA,0,NA,"U","oot","oot","oot"
"66",2016,"2016-06-24","EMFWOR","EMFWOR_NSWRC3-09A_2016","U","EMFWOR_SWRC3","EMFWOR_SWRC3-09",25,55,738426.913,4660909.512,"NAD83 10N",10.9,"N",2,"S","PIPO",15.5,83.3,198,288,4.2,0,NA,0,NA,0,NA,"U","oot","oot","oot"
"67",2018,"2018-06-12","EMFWOR","EMFWOR_NSWRC3-09A_2018","U","EMFWOR_SWRC3","EMFWOR_SWRC3-09",37,38,738609.202,4661027.134,"NAD83 10N",16.3,"N",2,"S","PIPO",16.5,82.9,215,310,3.6,0,NA,0,NA,0,NA,"U","oot","oot","oot"
"68",2019,"2019-06-17","EMFWOR","EMFWOR_NSWRC3-09A_2019","U","EMFWOR_SWRC3","EMFWOR_SWRC3-09",196,10,738530.636,4661148.149,"NAD83 10N",2.9,"N",2,"S","PIPO",11.7,87.9,24,346,3.5,0,NA,0,NA,0,NA,"U","oot","oot","oot"
"69",2015,"2015-06-24","EMMAOR","EMMAOR_NCLIFFC1-07A_2015","U","EMMAOR_CLIFFC1","EMMAOR_CLIFFC1-07",235,35,373282.571,4881225.709,"NAD83 11N",2.4,"N",2,"S","PIPO",3.4,63.5,12,172,2,0,NA,0,NA,0,NA,"U","oot","oot","oot"
"70",2019,"2019-06-14","EMMAOR","EMMAOR_NCLIFFC1-07A_2019","U","EMMAOR_CLIFFC1","EMMAOR_CLIFFC1-07",93,27,373282.571,4881225.709,"NAD83 11N",3,"N",2,"S","PIPO",3.4,63.5,273,172,2,0,NA,0,NA,0,NA,"U","oot","oot","oot"
"71",2015,"2015-06-18","EMMAOR","EMMAOR_NCLIFFC1-08A_2015","U","EMMAOR_CLIFFC1","EMMAOR_CLIFFC1-08",148,44,373076.329,4880370.04,"NAD83 11N",3.8,"N",0,"T","JUOC",6.8,48.7,152,268,3.5,0,NA,0,NA,0,NA,"U","oot","oot","oot"
"72",2016,"2016-07-05","EMMAOR","EMMAOR_NCLIFFC1-08A_2016","U","EMMAOR_CLIFFC1","EMMAOR_CLIFFC1-08",192,36,373124.548,4880770.683,"NAD83 11N",1.25,"O",0,"T","JUOC",6.3,27.3,26,64,2.5,0,NA,0,NA,0,NA,"U","oot","oot","oot"
"73",2017,"2017-06-15","EMMAOR","EMMAOR_NCLIFFC1-08A_2017","U","EMMAOR_CLIFFC1","EMMAOR_CLIFFC1-08",358,43,373075.225,4880340.346,"NAD83 11N",3.6,"N",0,"T","JUOC",6.6,76.1,160,270,5,0,NA,0,NA,0,NA,"U","oot","oot","oot"
"74",2019,"2019-06-14","EMMAOR","EMMAOR_NCLIFFC1-08A_2019","U","EMMAOR_CLIFFC1","EMMAOR_CLIFFC1-08",0,43,373075.225,4880340.346,"NAD83 11N",3.6,"O",0,"T","JUOC",6.6,76.1,160,270,5,0,NA,0,NA,0,NA,"U","oot","oot","oot"
"75",2017,"2017-06-15","EMMAOR","EMMAOR_NCLIFFC1-08B_2017","U","EMMAOR_CLIFFC1","EMMAOR_CLIFFC1-08",192,36,373124.548,4880770.683,"NAD83 11N",1.25,"O",0,"T","JUOC",6.3,27.3,26,64,2.5,0,NA,0,NA,0,NA,"U","oot","oot","oot"
"76",2017,"2017-06-26","EMMAOR","EMMAOR_NCLIFFC2-04A_2017","U","EMMAOR_CLIFFC2","EMMAOR_CLIFFC2-04",320,29,374052.527,4877547.94,"NAD83 11N",1.5,"O",0,"T","JUOC",7.3,32,128,20,1,0,NA,0,NA,0,NA,"U","oot","oot","oot"
"77",2019,"2019-06-27","EMMAOR","EMMAOR_NCLIFFC2-06A_2019","U","EMMAOR_CLIFFC2","EMMAOR_CLIFFC2-06",172,53,374460.998,4876877.559,"NAD83 11N",1.8,"N",2,"S","PIPO",9.2,88.2,35,95,2,0,NA,0,NA,0,NA,"U","oot","oot","oot"
"78",2015,"2015-06-07","EMMAOR","EMMAOR_NCLIFFC2-07A_2015","U","EMMAOR_CLIFFC2","EMMAOR_CLIFFC2-07",108,21,374889.838,4876541.643,"NAD83 11N",1.9,"N",2,"S","POTR5",2.9,37,286,144,0.5,0,NA,0,NA,0,NA,"U","oot","oot","oot"
"79",2019,"2019-06-27","EMMAOR","EMMAOR_NCLIFFC2-08A_2019","U","EMMAOR_CLIFFC2","EMMAOR_CLIFFC2-08",58,32,375172.094,4876639.819,"NAD83 11N",1.1,"N",0,"T","JUOC",12.6,33.3,251,244,2.5,0,NA,0,NA,0,NA,"U","oot","oot","oot"
"80",2017,"2017-06-29","EMMAOR","EMMAOR_NCLIFFC2-10A_2017","U","EMMAOR_CLIFFC2","EMMAOR_CLIFFC2-10",166,12,376022.398,4877089.051,"NAD83 11N",2.9,"N",2,"S","PIPO",3.4,65.2,24,55,3,0,NA,0,NA,0,NA,"U","oot","oot","oot"
"81",2014,"2014-06-25","EMMAOR","EMMAOR_NCUBT1-10A_2014","OB","EMMAOR_CUBT1","EMMAOR_CUBT1-10",143,31,347767.369,4888749.091,"NAD83 11N",1.4,"N",2,"S","PIPO",2,28.4,135,60,7.3,2,2008,0,NA,2,2008,"B","6","oot","6"
"82",2015,"2015-06-17","EMMAOR","EMMAOR_NCUBT1-10A_2015","OB","EMMAOR_CUBT1","EMMAOR_CUBT1-10",272,19,347612.472,4888319.52,"NAD83 11N",1.1,"N",2,"S","PIPO",1.3,28.8,83,122,9,2,2008,2,2005,4,2008,"HB","7","10","7"
"83",2016,"2016-06-14","EMMAOR","EMMAOR_NCUBT1-10A_2016","OB","EMMAOR_CUBT1","EMMAOR_CUBT1-10",34,19,347457.452,4888208.178,"NAD83 11N",1.5,"N",2,"S","PIPO",3.75,45.6,196,174,16,2,2008,0,NA,2,2008,"B","8","oot","8"
"84",2016,"2016-06-24","EMMAOR","EMMAOR_NCUBT2-02A_2016","T","EMMAOR_CUBT2","EMMAOR_CUBT2-02",127,14,345533.728,4888895.778,"NAD83 11N",2.5,"N",2,"S","PIPO",3.6,24.6,122,270,9,1,2008,1,2015,2,2015,"HB","8","1","1"
"85",2021,"2021-06-07","EMMAOR","EMMAOR_NCUBT2-02A_2021","HB","EMMAOR_CUBT2","EMMAOR_CUBT2-02A",201,22,345182,4888785,"NAD83 11N",0.95,"N",1,"S","PIPO",13.6,31.7,14,297,11,1,2008,4,2018,5,2018,"HB","13","3","3"
"86",2014,"2014-06-03","EMMAOR","EMMAOR_NCUBT2-03A_2014","OB","EMMAOR_CUBT2","EMMAOR_CUBT2-03",189,27,345632.331,4888521.895,"NAD83 11N",1.2,"N",2,"S","PIPO",2.1,26.3,9,250,17.5,1,2008,0,NA,1,2008,"B","6","oot","6"
"87",2015,"2015-06-01","EMMAOR","EMMAOR_NCUBT2-03A_2015","OB","EMMAOR_CUBT2","EMMAOR_CUBT2-03",30,25,345633.804,4888525.007,"NAD83 11N",1.7,"N",3,"S","PIPO",2,25.6,210,211,19.5,1,2008,1,2015,2,2015,"HB","7","0","0"
"88",2019,"2019-06-20","EMMAOR","EMMAOR_NCUBT2-08A_2019","HB","EMMAOR_CUBT2","EMMAOR_CUBT2-08",306,72,346130.672,4887726.859,"NAD83 11N",2.2,"N",2,"S","PIPO",9.1,49,148,260,6,1,2008,2,2018,3,2018,"HB","11","1","1"
"89",2015,"2015-06-29","EMMAOR","EMMAOR_NCUBT2-10A_2015","OB","EMMAOR_CUBT2","EMMAOR_CUBT2-10",288,33,346153.224,4887334.899,"NAD83 11N",3.5,"N",2,"S","PIPO",5.25,24.9,90,258,8,1,2006,0,NA,1,2006,"B","9","oot","9"
"90",2016,"2016-06-24","EMMAOR","EMMAOR_NCUBT2-10A_2016","OB","EMMAOR_CUBT2","EMMAOR_CUBT2-10",250,26,346005.164,4886997.165,"NAD83 11N",1.5,"N",2,"S","PIPO",2,34.4,70,320,12,1,2006,0,NA,1,2006,"B","10","oot","10"
"91",2017,"2017-06-12","EMMAOR","EMMAOR_NCUBT2-10A_2017","OBH","EMMAOR_CUBT2","EMMAOR_CUBT2-10",330,32,345919.93,4887247.563,"NAD83 11N",1.7,"N",3,"S","PIPO",2.1,36.5,145,252,15,1,2006,1,2017,2,2017,"HB","11","0","0"
"92",2021,"2021-05-17","EMMAOR","EMMAOR_NCUBT2-10A_2021","HB","EMMAOR_CUBT2","EMMAOR_CUBT2-10A",303,54,345837,4887269,"NAD83 11N",2.55,"N",2,"S","PIPO",18.1,88,160,155,10.7,1,2006,2,2018,3,2018,"HB","15","3","3"
"93",2014,"2014-07-01","EMMAOR","EMMAOR_NDUGC1-01A_2014","U","EMMAOR_DUGC1","EMMAOR_DUGC1-01",222,44,390639.002,4895431.191,"NAD83 11N",1.5,"N",2,"T","JUOC",7.5,37,55,240,13.5,0,NA,0,NA,0,NA,"U","oot","oot","oot"
"94",2015,"2015-06-04","EMMAOR","EMMAOR_NDUGC1-01A_2015","U","EMMAOR_DUGC1","EMMAOR_DUGC1-01",222,44,390639.002,4895431.191,"NAD83 11N",1.5,"O",2,"T","JUOC",7.5,37,55,240,13.5,0,NA,0,NA,0,NA,"U","oot","oot","oot"
"95",2016,"2016-06-28","EMMAOR","EMMAOR_NDUGC1-01A_2016","U","EMMAOR_DUGC1","EMMAOR_DUGC1-01",53,32,390639.002,4895431.191,"NAD83 11N",2.7,"N",2,"T","JUOC",7.5,37,258,240,13.5,0,NA,0,NA,0,NA,"U","oot","oot","oot"
"96",2017,"2017-06-16","EMMAOR","EMMAOR_NDUGC1-01A_2017","U","EMMAOR_DUGC1","EMMAOR_DUGC1-01",7,22,390532.025,4895392.237,"NAD83 11N",1.8,"N",0,"T","JUOC",4.4,35.5,33,259,10,0,NA,0,NA,0,NA,"U","oot","oot","oot"
"97",2014,"2014-06-02","EMMAOR","EMMAOR_NDUGC1-03A_2014","U","EMMAOR_DUGC1","EMMAOR_DUGC1-03",1,55,390924.063,4895180.924,"NAD83 11N",4.1,"N",2,"S","PIPO",5.5,56,218,189,9,0,NA,0,NA,0,NA,"U","oot","oot","oot"
"98",2014,"2014-07-01","EMMAOR","EMMAOR_NDUGC1-04A_2014","U","EMMAOR_DUGC1","EMMAOR_DUGC1-04",122,40,391363.669,4895441.958,"NAD83 11N",1.6,"N",2,"L","PIPO",2,52.1,282,16,2.8,0,NA,0,NA,0,NA,"U","oot","oot","oot"
"99",2017,"2017-06-16","EMMAOR","EMMAOR_NDUGC1-05A_2017","U","EMMAOR_DUGC1","EMMAOR_DUGC1-05",85,32,391552.765,4895312.544,"NAD83 11N",2.4,"N",0,"T","JUOC",7.3,45.9,238,242,1,0,NA,0,NA,0,NA,"U","oot","oot","oot"
"100",2017,"2017-05-23","EMMAOR","EMMAOR_NDUGC1-06A_2017","U","Incidental","Incidental",255,22,390400.722,4893620.775,"NAD83 11N",2.75,"N",0,"T","JUOC",9.7,75.5,72,264,6,0,NA,0,NA,0,NA,"U","oot","oot","oot"
"101",2019,"2019-06-25","EMMAOR","EMMAOR_NDUGC1-06A_2019","OTB","Incidental","Incidental",152,22,391253.749,4894346.142,"NAD83 11N",19.1,"U",1,"S","PIPO",28.2,72.2,332,312,12,1,2011,1,2011,2,2011,"HB","8","8","8"
"102",2017,"2017-06-16","EMMAOR","EMMAOR_NDUGC1-06B_2017","OTB","Incidental","Incidental",116,47,391317.859,4894027.772,"NAD83 11N",2.5,"N",1,"S","PIPO",9.3,40.8,302,230,16,3,2013,4,2011,7,2013,"HB","4","6","4"
"103",2016,"2016-06-28","EMMAOR","EMMAOR_NDUGC1-10A_2016","U","EMMAOR_DUGC1","EMMAOR_DUGC1-10",245,15,392209.915,4895522.643,"NAD83 11N",1.3,"N",0,"T","JUOC",10.2,36.8,58,250,5,0,NA,0,NA,0,NA,"U","oot","oot","oot"
"104",2017,"2017-06-16","EMMAOR","EMMAOR_NDUGC1-10A_2017","U","EMMAOR_DUGC1","EMMAOR_DUGC1-10",266,35,392417.315,4895331.869,"NAD83 11N",12.1,"N",1,"S","PSME",19.2,50.9,93,2,4,0,NA,0,NA,0,NA,"U","oot","oot","oot"
"105",2014,"2014-06-05","EMMAOR","EMMAOR_NELKT1-05A_2014","U","EMMAOR_ELKT1","EMMAOR_ELKT1-05",170,43,382954.963,4886280.668,"NAD83 11N",1.5,"N",1,"S","PIPO",12,25.1,311,104,9,0,NA,0,NA,0,NA,"U","oot","oot","oot"
"106",2015,"2015-06-15","EMMAOR","EMMAOR_NELKT1-05A_2015","U","EMMAOR_ELKT1","EMMAOR_ELKT1-05",15,45,382947.617,4886290.213,"NAD83 11N",1.4,"N",2,"S","PIPO",2.1,41.9,152,138,9,0,NA,0,NA,0,NA,"U","oot","oot","oot"
"107",2014,"2014-06-05","EMMAOR","EMMAOR_NELKT1-10A_2014","U","EMMAOR_ELKT1","EMMAOR_ELKT1-10",16,50,383705.438,4885427.175,"NAD83 11N",3.9,"N",2,"S","ABGR",5.4,65,185,122,6.4,0,NA,0,NA,0,NA,"U","oot","oot","oot"
"108",2021,"2021-07-01","EMMAOR","EMMAOR_NELKT2-01A_2021","HT","EMMAOR_ELKT2","EMMAOR_ELKT2-01A",250,81,387253,4893917,"NAD83 11N",3,"N",1,"S","POTR5",14.5,25.6,76,78,6.3,0,NA,2,2021,2,2021,"H","oot","0","0"
"109",2015,"2015-06-23","EMMAOR","EMMAOR_NELKT2-02A_2015","U","EMMAOR_ELKT2","EMMAOR_ELKT2-02",315,56,387014.282,4892729.184,"NAD83 11N",5.6,"N",1,"S","PIPO",11.5,35,100,185,1.5,0,NA,0,NA,0,NA,"U","oot","oot","oot"
"110",2021,"2021-06-17","EMMAOR","EMMAOR_NELKT2-02A_2021","HB","EMMAOR_ELKT2","EMMAOR_ELKT2-02A",76,17,387138,4892693,"NAD83 11N",1.6,"N",1,"S","PIPO",13,36.1,224,63,2.8,0,NA,2,2021,2,2021,"H","oot","0","0"
"111",2015,"2015-07-08","EMMAOR","EMMAOR_NELKT2-04A_2015","OHTB","Incidental","Incidental",310,54,384706.386,4890782.743,"NAD83 11N",0.7,"O",3,"S","PIPO",1.3,55.8,120,110,8.5,0,NA,4,2013,4,2013,"H","oot","2","2"
"112",2016,"2016-06-23","EMMAOR","EMMAOR_NELKT2-04A_2016","OHTB","Incidental","Incidental",30,29,384832.738,4890913.384,"NAD83 11N",0.7,"N",1,"L","PIPO",1,71,207,210,1,0,NA,4,2013,4,2013,"H","oot","3","3"
"113",2017,"2017-06-08","EMMAOR","EMMAOR_NELKT2-04A_2017","OHTB","Incidental","Incidental",30,29,384832.738,4890913.384,"NAD83 11N",0.7,"O",1,"L","PIPO",1,71,207,210,1,1,2017,4,2013,5,2017,"HB","0","4","0"
"114",2019,"2019-06-19","EMMAOR","EMMAOR_NELKT2-05A_2019","H","EMMAOR_ELKT2","EMMAOR_ELKT2-05",239,45,387659.259,4892338.555,"NAD83 11N",1.1,"N",3,"S","PIPO",1.6,51.2,49,126,5.8,0,NA,1,2019,1,2019,"H","oot","0","0"
"115",2015,"2015-06-17","EMMAOR","EMMAOR_NELKT2-06A_2015","U","EMMAOR_ELKT2","EMMAOR_ELKT2-06",212,38,387958.405,4891880.336,"NAD83 11N",2.2,"N",1,"T","JUOC",7.8,57.7,30,152,0.7,0,NA,0,NA,0,NA,"U","oot","oot","oot"
"116",2017,"2017-05-31","EMMAOR","EMMAOR_NELKT2-06A_2017","U","EMMAOR_ELKT2","EMMAOR_ELKT2-06",334,29,387928.098,4891950.203,"NAD83 11N",2,"N",2,"S","PIPO",3.1,19.9,148,96,4,0,NA,0,NA,0,NA,"U","oot","oot","oot"
"117",2021,"2021-07-01","EMMAOR","EMMAOR_NELKT2-07A_2021","HTB","EMMAOR_ELKT2","EMMAOR_ELKT2-07A",283,94,388273,4892715,"NAD83 11N",1.3,"N",1,"S","POTR5",13.2,26.2,110,135,9.1,0,NA,2,2021,2,2021,"H","oot","0","0"
"118",2019,"2019-06-19","EMMAOR","EMMAOR_NELKT2-10A_2019","HT","EMMAOR_ELKT2","EMMAOR_ELKT2-10",88,53,388875.509,4891555.433,"NAD83 11N",3,"N",1,"S","POTR5",16.2,28.9,277,121,3,0,NA,1,2019,1,2019,"H","oot","0","0"
"119",2017,"2017-06-13","EMMAOR","EMMAOR_NELKT3-01A_2017","OTB","EMMAOR_ELKT3","EMMAOR_ELKT3-01",14,11,381021.182,4891838.568,"NAD83 11N",7.7,"N",2,"S","PIPO",7.9,47.4,230,230,10,1,2017,2,2013,3,2017,"HB","0","4","0"
"120",2014,"2014-05-30","EMMAOR","EMMAOR_NELKT3-03A_2014","U","EMMAOR_ELKT3","EMMAOR_ELKT3-03",333,15,381515.93,4891692.458,"NAD83 11N",6.9,"N",2,"S","PIPO",7.1,105,175,258,7,1,2008,2,2013,3,2013,"HB","6","1","1"
"121",2019,"2019-06-24","EMMAOR","EMMAOR_NELKT3-03A_2019","B","EMMAOR_ELKT3","EMMAOR_ELKT3-03",59,26,381550.143,4891495.527,"NAD83 11N",2.3,"N",3,"S","PIPO",2.8,33.2,281,253,2,3,2019,0,NA,3,2019,"B","0","oot","0"
"122",2021,"2021-06-07","EMMAOR","EMMAOR_NELKT3-08A_2021","HT","EMMAOR_ELKT3","EMMAOR_ELKT3-08A",257,24,381079,4889752,"NAD83 11N",2.8,"N",2,"S","PIPO",3.9,80,75,162,12.2,0,NA,2,2020,2,2020,"H","oot","1","1"
"123",2015,"2015-06-18","EMMAOR","EMMAOR_NFLAGC1-02A_2015","U","EMMAOR_FLAGC1","EMMAOR_FLAGC1-02",69,43,390793.838,4899518.43,"NAD83 11N",1.8,"N",2,"L","PIPO",6,62,200,350,6.5,0,NA,0,NA,0,NA,"U","oot","oot","oot"
"124",2014,"2014-06-18","EMMAOR","EMMAOR_NFLAGC1-05A_2014","U","EMMAOR_FLAGC1","EMMAOR_FLAGC1-05",264,29,390617.626,4899217.61,"NAD83 11N",6.3,"N",2,"S","PIPO",6.7,44.1,109,245,5.8,0,NA,0,NA,0,NA,"U","oot","oot","oot"
"125",2015,"2015-06-10","EMMAOR","EMMAOR_NFLAGC1-05A_2015","U","EMMAOR_FLAGC1","EMMAOR_FLAGC1-05",308,28,390818.894,4898931.832,"NAD83 11N",4,"N",0,"T","JUOC",13.4,88.4,145,42,2.5,0,NA,0,NA,0,NA,"U","oot","oot","oot"
"126",2019,"2019-06-05","EMMAOR","EMMAOR_NFLAGC1-05A_2019","U","EMMAOR_FLAGC1","EMMAOR_FLAGC1-05",189,39,390743.897,4899177.662,"NAD83 11N",3.4,"N",0,"T","JUOC",9.9,83,9,205,3,0,NA,0,NA,0,NA,"U","oot","oot","oot"
"127",2014,"2014-06-18","EMMAOR","EMMAOR_NFLAGC1-06A_2014","U","EMMAOR_FLAGC1","EMMAOR_FLAGC1-06",20,15,390742.391,4898747.286,"NAD83 11N",3.3,"N",1,"T","JUOC",11.8,69.9,200,207,7,0,NA,0,NA,0,NA,"U","oot","oot","oot"
"128",2016,"2016-07-06","EMMAOR","EMMAOR_NFLAGC1-06A_2016","U","EMMAOR_FLAGC1","EMMAOR_FLAGC1-06",301,25,390620.178,4898827.523,"NAD83 11N",1.7,"N",0,"T","JUOC",5.7,30.5,104,130,20,0,NA,0,NA,0,NA,"U","oot","oot","oot"
"129",2017,"2017-06-05","EMMAOR","EMMAOR_NFLAGC1-06A_2017","U","EMMAOR_FLAGC1","EMMAOR_FLAGC1-06",134,39,390625.318,4898879.623,"NAD83 11N",4.2,"N",0,"T","JUOC",9.9,41.6,340,128,10,0,NA,0,NA,0,NA,"U","oot","oot","oot"
"130",2014,"2014-06-10","EMMAOR","EMMAOR_NFLAGC1-07A_2014","U","EMMAOR_FLAGC1","EMMAOR_FLAGC1-07",14,35,391229.25,4899148.852,"NAD83 11N",2.1,"N",1,"T","JUOC",7.6,111.9,197,34,2,0,NA,0,NA,0,NA,"U","oot","oot","oot"
"131",2015,"2015-06-10","EMMAOR","EMMAOR_NFLAGC1-08A_2015","U","EMMAOR_FLAGC1","EMMAOR_FLAGC1-08",50,25,391266.276,4898481.279,"NAD83 11N",9,"N",2,"S","PIPO",40,97.9,224,249,2.5,0,NA,0,NA,0,NA,"U","oot","oot","oot"
"132",2019,"2019-07-01","EMMAOR","EMMAOR_NFLAGC2-03A_2019","OB","EMMAOR_FLAGC2","EMMAOR_FLAGC2-03",98,68,393393.585,4892277.049,"NAD83 11N",6,"N",1,"S","PIPO",17.2,77.7,262,188,7,2,2013,2,2008,4,2013,"HB","6","11","6"
"133",2019,"2019-07-01","EMMAOR","EMMAOR_NFLAGC2-06A_2019","OB","EMMAOR_FLAGC2","EMMAOR_FLAGC2-06",341,29,393822.573,4891467.987,"NAD83 11N",12.3,"N",2,"S","PIPO",14.7,82.5,19,235,3,2,2013,2,2008,4,2013,"HB","6","11","6"
"134",2015,"2015-06-08","EMMAOR","EMMAOR_NFLAGC2-10A_2015","TB","EMMAOR_FLAGC2","EMMAOR_FLAGC2-10",340,32,393085.872,4890222.922,"NAD83 11N",1.95,"N",2,"S","JUOC",14.4,44,182,75,3,2,2013,3,2010,5,2013,"HB","2","5","2"
"135",2019,"2019-06-21","EMMAOR","EMMAOR_NFLAGC2-10A_2019","TB","EMMAOR_FLAGC2","EMMAOR_FLAGC2-10",94,23,392967.605,4890340.661,"NAD83 11N",7.5,"N",2,"S","PIPO",8.5,52.4,283,250,3.5,1,2013,1,2010,2,2013,"HB","6","9","6"
"136",2019,"2019-06-28","EMMAOR","EMMAOR_NMDC1-01A_2019","HTB","Incidental","Incidental",292,48,344131.384,4855522.294,"NAD83 11N",4.5,"N",2,"S","PIPO",8.1,21.3,114,290,2,0,NA,4,2018,4,2018,"H","oot","1","1"
"137",2014,"2014-07-09","EMMAOR","EMMAOR_NMDC1-03A_2014","U","EMMAOR_MDC1","EMMAOR_MDC1-03",10,13,347076.649,4852136.952,"NAD83 11N",1.2,"N",2,"L","PIPO",1.9,133,205,274,18,0,NA,0,NA,0,NA,"U","oot","oot","oot"
"138",2017,"2017-06-26","EMMAOR","EMMAOR_NMDC1-07A_2017","U","EMMAOR_MDC1","EMMAOR_MDC1-07",59,31,347046.626,4850942.079,"NAD83 11N",2.8,"N",1,"S","PIPO",13.8,48.6,230,186,20.5,0,NA,0,NA,0,NA,"U","oot","oot","oot"
"139",2019,"2019-06-20","EMMAOR","EMMAOR_NMDC2-04A_2019","U","EMMAOR_MDC2","EMMAOR_MDC2-04",104,10,348663.132,4852176.791,"NAD83 11N",2.2,"N",0,"T","POTR5",9.4,28.1,182,94,16,0,NA,0,NA,0,NA,"U","oot","oot","oot"
"140",2019,"2019-06-17","EMMAOR","EMMAOR_NPAWT1-01A_2019","OB","Incidental","Incidental",135,36,348353.094,4885871.669,"NAD83 11N",2,"N",2,"S","PIPO",3.2,66,291,138,7.9,1,2010,0,NA,1,2010,"B","9","oot","9"
"141",2014,"2014-06-05","EMMAOR","EMMAOR_NPAWT1-02A_2014","U","EMMAOR_PAWT1","EMMAOR_PAWT1-02",239,33,349189.458,4883270.837,"NAD83 11N",3.4,"N",2,"S","PIPO",6.7,54,91,271,2.4,0,NA,0,NA,0,NA,"U","oot","oot","oot"
"142",2016,"2016-06-03","EMMAOR","EMMAOR_NPAWT1-03A_2016","U","EMMAOR_PAWT1","EMMAOR_PAWT1-03",220,40,349106.633,4883555.622,"NAD83 11N",1.2,"N",1,"S","PIPO",20,29.4,58,251,4,0,NA,1,2016,1,2016,"H","oot","0","0"
"143",2017,"2017-06-26","EMMAOR","EMMAOR_NPAWT1-03A_2017","H","EMMAOR_PAWT1","EMMAOR_PAWT1-03",348,37,349113.919,4883389.977,"NAD83 11N",4.9,"N",2,"S","PIPO",16.5,54,155,30,2,0,NA,2,2017,2,2017,"H","oot","0","0"
"144",2019,"2019-05-30","EMMAOR","EMMAOR_NPAWT1-03A_2019","HT","EMMAOR_PAWT1","EMMAOR_PAWT1-03",248,24,349073.75,4883410.961,"NAD83 11N",1,"N",1,"S","PIPO",21,45.9,53,154,2,0,NA,4,2019,4,2019,"H","oot","0","0"
"145",2021,"2021-05-24","EMMAOR","EMMAOR_NPAWT1-03A_2021","HT","EMMAOR_PAWT1","EMMAOR_PAWT1-03A",223,27,349078,4883312,"NAD83 11N",1.15,"N",1,"S","PIPO",20.2,43.4,50,142,2.4,0,NA,4,2019,4,2019,"H","oot","2","2"
"146",2015,"2015-06-03","EMMAOR","EMMAOR_NPAWT1-04A_2015","U","EMMAOR_PAWT1","EMMAOR_PAWT1-04",93,74,349153.776,4883247.443,"NAD83 11N",3.2,"N",2,"S","PIPO",5.1,61.1,259,188,2,0,NA,0,NA,0,NA,"U","oot","oot","oot"
"147",2014,"2014-06-16","EMMAOR","EMMAOR_NPAWT1-05A_2014","U","EMMAOR_PAWT1","EMMAOR_PAWT1-05",158,38,348636.858,4882517.322,"NAD83 11N",1.8,"N",2,"S","PIPO",4.4,27,330,150,5.7,0,NA,0,NA,0,NA,"U","oot","oot","oot"
"148",2015,"2015-06-24","EMMAOR","EMMAOR_NPAWT1-05A_2015","U","EMMAOR_PAWT1","EMMAOR_PAWT1-05",263,55,348535.365,4882608.059,"NAD83 11N",0.7,"N",1,"S","PIPO",14,37.1,65,175,3.5,0,NA,0,NA,0,NA,"U","oot","oot","oot"
"149",2019,"2019-07-03","EMMAOR","EMMAOR_NPAWT1-05A_2019","HB","EMMAOR_PAWT1","EMMAOR_PAWT1-05",21,23,348526.588,4882486.381,"NAD83 11N",1.8,"N",2,"S","PIPO",3.2,22.3,188,44,3,0,NA,4,2019,4,2019,"H","oot","0","0"
"150",2021,"2021-06-18","EMMAOR","EMMAOR_NPAWT1-05A_2021","HT","EMMAOR_PAWT1","EMMAOR_PAWT1-05A",34,33,348809,4882576,"NAD83 11N",2.9,"N",1,"S","PIPO",24.2,51.2,235,347,10.7,0,NA,4,2019,4,2019,"H","oot","2","2"
"151",2015,"2015-06-30","EMMAOR","EMMAOR_NPAWT1-07A_2015","U","EMMAOR_PAWT1","EMMAOR_PAWT1-07",214,46,348896.982,4882063.489,"NAD83 11N",2,"N",1,"S","PIPO",17.2,35,12,141,1,0,NA,0,NA,0,NA,"U","oot","oot","oot"
"152",2015,"2015-06-16","EMMAOR","EMMAOR_NPAWT1-08A_2015","U","EMMAOR_PAWT1","EMMAOR_PAWT1-08",62,35,349865.329,4882589.179,"NAD83 11N",1.5,"O",1,"L","PIPO",2,68.4,178,232,7,0,NA,1,2007,1,2007,"H","oot","8","8"
"153",2021,"2021-07-06","EMMAOR","EMMAOR_NPAWT1-08A_2021","U","EMMAOR_PAWT1","EMMAOR_PAWT1-08A",184,11,350163,4882643,"NAD83 11N",5,"N",0,"T","JUOC",14.3,36.6,51,226,5,0,NA,0,NA,0,NA,"U","oot","oot","oot"
"154",2014,"2014-05-30","EMMAOR","EMMAOR_NPAWT1-09A_2014","U","EMMAOR_PAWT1","EMMAOR_PAWT1-09",14,40,349308.401,4882203.396,"NAD83 11N",1,"N",2,"S","PIPO",2.8,25,232,0,2.8,0,NA,1,2007,1,2007,"H","oot","7","7"
"155",2019,"2019-06-17","EMMAOR","EMMAOR_NPAWT1-09A_2019","HBT","EMMAOR_PAWT1","EMMAOR_PAWT1-09",237,38,349653.836,4882294.659,"NAD83 11N",5.4,"N",2,"S","PIPO",6.6,32.9,48,218,6,0,NA,4,2019,4,2019,"H","oot","0","0"
"156",2014,"2014-05-30","EMMAOR","EMMAOR_NPAWT1-10A_2014","U","EMMAOR_PAWT1","EMMAOR_PAWT1-10",44,10,348915.706,4881850.747,"NAD83 11N",2.4,"N",2,"S","PIPO",6.8,28,220,166,7.5,0,NA,0,NA,0,NA,"U","oot","oot","oot"
"157",2019,"2019-06-06","EMMAOR","EMMAOR_NPRONGC1-01A_2019","OB","Incidental","Incidental",95,57,349668.933,4886769.837,"NAD83 11N",1.7,"N",2,"S","PIPO",2.6,73.2,283,170,3.2,3,2012,0,NA,3,2012,"B","7","oot","7"
"158",2014,"2014-06-18","EMMAOR","EMMAOR_NPRONGC1-09A_2014","U","EMMAOR_PRONGC1","EMMAOR_PRONGC1-09",282,45,352772.952,4884089.037,"NAD83 11N",1.5,"N",2,"S","PIPO",1.8,74.3,126,206,6,0,NA,0,NA,0,NA,"U","oot","oot","oot"
"159",2014,"2014-06-23","EMMAOR","EMMAOR_NPRONGC2-01A_2014","OB","EMMAOR_PRONGC2","EMMAOR_PRONGC2-01",133,25,352351.852,4887613.343,"NAD83 11N",1.3,"N",2,"S","PIPO",1.8,29,317,218,6.3,1,2012,3,2007,4,2012,"HB","2","7","2"
"160",2015,"2015-05-26","EMMAOR","EMMAOR_NPRONGC2-01A_2015","OB","EMMAOR_PRONGC2","EMMAOR_PRONGC2-01",72,40,352339.482,4887461.483,"NAD83 11N",1.65,"N",2,"S","PIPO",2,28.9,244,242,6,1,2012,2,2007,3,2012,"HB","3","8","3"
"161",2019,"2019-06-13","EMMAOR","EMMAOR_NPRONGC2-01A_2019","OB","EMMAOR_PRONGC2","EMMAOR_PRONGC2-01",54,20,352375.871,4887585.366,"NAD83 11N",1.7,"N",3,"S","PIPO",2.1,33.4,215,188,6,1,2012,3,2007,4,2012,"HB","7","12","7"
"162",2019,"2019-06-13","EMMAOR","EMMAOR_NPRONGC2-08A_2019","OB","EMMAOR_PRONGC2","EMMAOR_PRONGC2-08",52,25,353234.03,4887485.011,"NAD83 11N",2.4,"N",2,"S","PIPO",2.7,20,232,290,6,2,2009,1,2005,3,2009,"HB","10","14","10"
"163",2014,"2014-07-16","EMMAOR","EMMAOR_NRATT1-01A_2014","U","EMMAOR_RATT1","EMMAOR_RATT1-01",120,22,352594.087,4849213.193,"NAD83 11N",1.6,"N",3,"S","PIPO",2.2,60.1,285,139,5.7,0,NA,1,2005,1,2005,"H","oot","9","9"
"164",2014,"2014-05-29","EMMAOR","EMMAOR_NRATT1-02A_2014","U","EMMAOR_RATT1","EMMAOR_RATT1-02",14,20,352672.231,4848710.037,"NAD83 11N",3.3,"N",2,"T","JUOC",8,41.6,210,81,2.5,0,NA,0,NA,0,NA,"U","oot","oot","oot"
"165",2015,"2015-06-22","EMMAOR","EMMAOR_NRATT1-02A_2015","U","EMMAOR_RATT1","EMMAOR_RATT1-02",134,36,352713.693,4848679.363,"NAD83 11N",2.5,"N",2,"T","JUOC",7.6,32.9,332,83,7,0,NA,0,NA,0,NA,"U","oot","oot","oot"
"166",2017,"2017-06-30","EMMAOR","EMMAOR_NRATT1-03A_2017","U","EMMAOR_RATT1","EMMAOR_RATT1-03",108,29,352797.908,4848063.592,"NAD83 11N",1.9,"N",0,"T","JUOC",9.1,21.7,274,56,4,0,NA,0,NA,0,NA,"U","oot","oot","oot"
"167",2019,"2019-07-02","EMMAOR","EMMAOR_NRATT1-03A_2019","U","EMMAOR_RATT1","EMMAOR_RATT1-03",110,60,352919.264,4848347.44,"NAD83 11N",13.1,"N",1,"S","PIPO",24.5,82.8,298,67,8,0,NA,0,NA,0,NA,"U","oot","oot","oot"
"168",2016,"2016-06-30","EMMAOR","EMMAOR_NRATT1-07A_2016","U","EMMAOR_RATT1","EMMAOR_RATT1-07",176,15,353534.287,4847730.361,"NAD83 11N",1.8,"N",0,"T","JUOC",9.1,28,356,20,5,0,NA,0,NA,0,NA,"U","oot","oot","oot"
"169",2015,"2015-06-25","EMMAOR","EMMAOR_NRATT1-10A_2015","U","EMMAOR_RATT1","EMMAOR_RATT1-10",52,48,353460.279,4846902.468,"NAD83 11N",2,"N",1,"T","JUOC",6.9,48.6,232,103,3.5,0,NA,0,NA,0,NA,"U","oot","oot","oot"
"170",2016,"2016-06-09","EMMAOR","EMMAOR_NRATT1-10A_2016","U","EMMAOR_RATT1","EMMAOR_RATT1-10",278,23,353431.286,4846748.238,"NAD83 11N",1.5,"N",0,"T","JUOC",10.3,35,109,86,3,0,NA,0,NA,0,NA,"U","oot","oot","oot"
"171",2017,"2017-06-06","EMMAOR","EMMAOR_NRATT1-10A_2017","U","EMMAOR_RATT1","EMMAOR_RATT1-10",52,48,353460.279,4846902.468,"NAD83 11N",2,"O",0,"T","JUOC",6.9,48.6,232,103,3.5,0,NA,0,NA,0,NA,"U","oot","oot","oot"
"172",2015,"2015-06-17","EMMAOR","EMMAOR_NRATT2-10A_2015","U","EMMAOR_RATT2","EMMAOR_RATT2-10",229,40,351637.604,4844305.754,"NAD83 11N",1.9,"N",0,"T","JUOC",7.2,27.9,49,140,3,0,NA,0,NA,0,NA,"U","oot","oot","oot"
"173",2017,"2017-06-20","EMMAOR","EMMAOR_NRATT2-10A_2017","U","EMMAOR_RATT2","EMMAOR_RATT2-10",172,17,351756.632,4844297.097,"NAD83 11N",3.7,"N",1,"T","JUOC",14.4,50.7,350,210,2,0,NA,0,NA,0,NA,"U","oot","oot","oot"
"174",2019,"2019-05-31","EMMAOR","EMMAOR_NRATT2-10A_2019","U","EMMAOR_RATT2","EMMAOR_RATT2-10",265,18,351709.674,4844259.953,"NAD83 11N",1.9,"N",1,"S","PIPO",19.1,69.5,135,147,1.5,0,NA,0,NA,0,NA,"U","oot","oot","oot"
"175",2014,"2014-06-24","EMMAOR","EMMAOR_NSAGEC1-02A_2014","U","EMMAOR_SAGEC1","EMMAOR_SAGEC1-02",250,11,329134.88,4857550.775,"NAD83 11N",1.4,"N",3,"L","PIPO",2.1,40.1,28,332,5.8,0,NA,0,NA,0,NA,"U","oot","oot","oot"
"176",2019,"2019-06-25","EMMAOR","EMMAOR_NSAGEC1-08A_2019","U","EMMAOR_SAGEC1","EMMAOR_SAGEC1-08",256,15,330529.985,4856206.835,"NAD83 11N",1.5,"N",2,"S","PIPO",2,18,92,92,5.7,0,NA,3,2017,3,2017,"H","oot","2","2"
"177",2014,"2014-06-24","EMMAOR","EMMAOR_NSAGEC1-09A_2014","U","EMMAOR_SAGEC1","EMMAOR_SAGEC1-09",196,28,329620.997,4856923.561,"NAD83 11N",1.4,"N",2,"T","JUOC",9.7,25,29,202,2.5,0,NA,0,NA,0,NA,"U","oot","oot","oot"
"178",2015,"2015-06-11","EMMAOR","EMMAOR_NSAGEC1-09A_2015","U","EMMAOR_SAGEC1","EMMAOR_SAGEC1-09",196,24,329632.768,4856921.342,"NAD83 11N",1.1,"N",0,"T","JUOC",9.1,26.1,18,202,2.5,0,NA,0,NA,0,NA,"U","oot","oot","oot"
"179",2019,"2019-06-24","EMMAOR","EMMAOR_NSAGEC1-09A_2019","U","EMMAOR_SAGEC1","EMMAOR_SAGEC1-09",213,111,329517.852,4857106.555,"NAD83 11N",1.3,"N",0,"T","JUOC",8.6,47.9,9,50,0.3,0,NA,0,NA,0,NA,"U","oot","oot","oot"
"180",2014,"2014-06-24","EMMAOR","EMMAOR_NSAGEC1-10A_2014","U","EMMAOR_SAGEC1","EMMAOR_SAGEC1-10",146,24,330101.133,4857092.072,"NAD83 11N",0.9,"N",2,"T","JUOC",8.9,48,290,275,2.8,0,NA,0,NA,0,NA,"U","oot","oot","oot"
"181",2015,"2015-05-26","EMMAOR","EMMAOR_NSAGEC1-10A_2015","OHT","EMMAOR_SAGEC1","EMMAOR_SAGEC1-10",276,27,330814.221,4856070.314,"NAD83 11N",0.8,"N",3,"S","PIPO",1.4,23.4,101,302,1.7,0,NA,1,2011,1,2011,"H","oot","4","4"
"182",2019,"2019-06-24","EMMAOR","EMMAOR_NSAGEC1-10A_2019","U","EMMAOR_SAGEC1","EMMAOR_SAGEC1-10",251,35,329982.535,4856957.158,"NAD83 11N",0.9,"N",0,"T","JUOC",10.4,35,75,96,2.5,0,NA,0,NA,0,NA,"U","oot","oot","oot"
"183",2015,"2015-06-22","EMMAOR","EMMAOR_NSAGEC1-10B_2015","U","EMMAOR_SAGEC1","EMMAOR_SAGEC1-10",198,15,330264.429,4857145.252,"NAD83 11N",3.35,"N",0,"T","JUOC",9.8,50,0,178,3.5,0,NA,1,2012,1,2012,"H","oot","3","3"
"184",2019,"2019-06-11","EMMAOR","EMMAOR_NUPCA1-01A_2019","U","Incidental","Incidental",47,38,363857.996,4850402.589,"NAD83 11N",3,"N",3,"S","PIPO",7.1,115.1,170,247,5.8,0,NA,0,NA,0,NA,"U","oot","oot","oot"
"185",2015,"2015-06-25","EMMAOR","EMMAOR_NUPCA1-02A_2015","U","EMMAOR_UPCA1","EMMAOR_UPCA1-02",232,55,363800.171,4848821.734,"NAD83 11N",2.8,"N",2,"S","PIPO",3.3,63.1,42,191,2,0,NA,0,NA,0,NA,"U","oot","oot","oot"
"186",2016,"2016-06-22","EMMAOR","EMMAOR_NUPCA1-04A_2016","U","EMMAOR_UPCA1","EMMAOR_UPCA1-04",280,34,363895.579,4848506.178,"NAD83 11N",12.5,"N",1,"S","PIPO",19.9,68.8,127,251,3,0,NA,0,NA,0,NA,"U","oot","oot","oot"
"187",2017,"2017-06-27","EMMAOR","EMMAOR_NUPCA1-04A_2017","U","EMMAOR_UPCA1","EMMAOR_UPCA1-04",34,42,363814.907,4848613.578,"NAD83 11N",1.7,"U",0,"T","JUOC",7.8,37.3,222,182,0.5,0,NA,0,NA,0,NA,"U","oot","oot","oot"
"188",2019,"2019-06-28","EMMAOR","EMMAOR_NUPCA1-04A_2019","U","EMMAOR_UPCA1","EMMAOR_UPCA1-04",63,26,363954.422,4848514.275,"NAD83 11N",1.8,"N",2,"S","PIPO",2.3,38.4,302,115,3,0,NA,0,NA,0,NA,"U","oot","oot","oot"
"189",2017,"2017-06-07","EMMAOR","EMMAOR_NUPCA1-05A_2017","U","EMMAOR_UPCA1","EMMAOR_UPCA1-05",154,32,363865.878,4848256.718,"NAD83 11N",8.6,"N",2,"S","PIPO",20.2,77.1,324,86,0,0,NA,0,NA,0,NA,"U","oot","oot","oot"
"190",2019,"2019-06-28","EMMAOR","EMMAOR_NUPCA1-05A_2019","U","EMMAOR_UPCA1","EMMAOR_UPCA1-05",268,56,363865.878,4848256.718,"NAD83 11N",12.6,"N",2,"S","PIPO",20.2,77.1,65,86,0,0,NA,0,NA,0,NA,"U","oot","oot","oot"
"191",2017,"2017-06-07","EMMAOR","EMMAOR_NUPCA1-08A_2017","U","EMMAOR_UPCA1","EMMAOR_UPCA1-08",320,29,364305.555,4847678.418,"NAD83 11N",2.1,"N",3,"S","PIPO",2.6,101,144,118,26,0,NA,0,NA,0,NA,"U","oot","oot","oot"
"192",2019,"2019-06-12","EMMAOR","EMMAOR_NUPCA1-08A_2019","U","EMMAOR_UPCA1","EMMAOR_UPCA1-08",320,29,364305.555,4847678.418,"NAD83 11N",2.1,"O",3,"S","PIPO",2.6,101,144,118,26,0,NA,0,NA,0,NA,"U","oot","oot","oot"
"193",2019,"2019-06-28","EMMAOR","EMMAOR_NUPCB1-03A_2019","HT","Incidental","Incidental",337,27,358395.156,4853478.741,"NAD83 11N",3,"N",2,"S","PIPO",4.8,29.6,121,291,7,0,NA,2,2019,2,2019,"H","oot","0","0"
"194",2017,"2017-06-06","EMMAOR","EMMAOR_NUPCB1-04A_2017","U","EMMAOR_UPCB1","EMMAOR_UPCB1-04",282,19,362519.688,4853667.145,"NAD83 11N",2.2,"N",0,"T","PIPO",21.7,87.5,352,4,1,0,NA,0,NA,0,NA,"U","oot","oot","oot"
"195",2017,"2017-06-08","EMMAOR","EMMAOR_NUPCB1-07A_2017","U","EMMAOR_UPCB1","EMMAOR_UPCB1-07",48,30,362828.866,4852252.149,"NAD83 11N",2.9,"N",0,"T","JUOC",7.4,34.3,226,275,3,0,NA,0,NA,0,NA,"U","oot","oot","oot"
"196",2019,"2019-06-28","EMMAOR","EMMAOR_NUPCB1-07A_2019","U","EMMAOR_UPCB1","EMMAOR_UPCB1-07",48,30,362828.866,4852252.149,"NAD83 11N",2.9,"O",0,"T","JUOC",7.4,34.3,226,275,3,0,NA,0,NA,0,NA,"U","oot","oot","oot"
"197",2017,"2017-06-24","EMMAOR","EMMAOR_NWOLFC1-01A_2017","U","EMMAOR_WOLFC1","EMMAOR_WOLFC1-01",325,30,367088.285,4879992.787,"NAD83 11N",1.75,"N",0,"T","JUOC",15.5,84.5,160,306,3,0,NA,0,NA,0,NA,"U","oot","oot","oot"
"198",2019,"2019-06-06","EMMAOR","EMMAOR_NWOLFC1-01A_2019","U","EMMAOR_WOLFC1","EMMAOR_WOLFC1-01",315,32,366985.59,4880001.914,"NAD83 11N",3.2,"N",2,"S","PIPO",6.2,36,154,220,2,0,NA,0,NA,0,NA,"U","oot","oot","oot"
"199",2015,"2015-06-16","EMMAOR","EMMAOR_NWOLFC1-03A_2015","U","EMMAOR_WOLFC1","EMMAOR_WOLFC1-03",91,47,367281.861,4879188.367,"NAD83 11N",5.1,"N",0,"T","JUOC",12.8,61.9,266,110,0,0,NA,0,NA,0,NA,"U","oot","oot","oot"
"200",2016,"2016-06-27","EMMAOR","EMMAOR_NWOLFC1-03A_2016","U","EMMAOR_WOLFC1","EMMAOR_WOLFC1-03",234,16,367317.396,4879557.212,"NAD83 11N",5.1,"N",2,"S","PIPO",5.7,40.5,162,358,2,0,NA,0,NA,0,NA,"U","oot","oot","oot"
"201",2019,"2019-06-18","EMMAOR","EMMAOR_NWOLFC1-03A_2019","U","EMMAOR_WOLFC1","EMMAOR_WOLFC1-03",292,25,367147.885,4879574.644,"NAD83 11N",2.4,"N",3,"S","PIPO",2.9,48.8,111,160,5,0,NA,0,NA,0,NA,"U","oot","oot","oot"
"202",2015,"2015-06-03","EMMAOR","EMMAOR_NWOLFC1-07A_2015","U","EMMAOR_WOLFC1","EMMAOR_WOLFC1-07",126,20,368392.155,4879271.611,"NAD83 11N",3.1,"N",1,"T","JUOC",6.4,57.9,295,174,20.5,0,NA,0,NA,0,NA,"U","oot","oot","oot"
"203",2017,"2017-06-19","EMMAOR","EMMAOR_NWOLFC1-07A_2017","U","EMMAOR_WOLFC1","EMMAOR_WOLFC1-07",126,20,368392.155,4879271.611,"NAD83 11N",3.1,"O",0,"T","JUOC",6.4,57.9,295,174,20.5,0,NA,0,NA,0,NA,"U","oot","oot","oot"
"204",2019,"2019-06-18","EMMAOR","EMMAOR_NWOLFC1-08A_2019","U","EMMAOR_WOLFC1","EMMAOR_WOLFC1-08",220,15,368660.357,4879054.458,"NAD83 11N",3.5,"N",0,"T","JUOC",8.8,43.1,40,210,3.5,0,NA,0,NA,0,NA,"U","oot","oot","oot"
"205",2017,"2017-06-28","EMMAOR","EMMAOR_NWOLFC2-01A_2017","U","EMMAOR_WOLFC2","EMMAOR_WOLFC2-01",302,8,369744.386,4878029.842,"NAD83 11N",3,"N",0,"T","JUOC",14.5,44.4,106,231,16,0,NA,0,NA,0,NA,"U","oot","oot","oot"
"206",2015,"2015-06-24","EMMAOR","EMMAOR_NWOLFC2-02A_2015","U","EMMAOR_WOLFC2","EMMAOR_WOLFC2-02",293,46,369893.774,4877733.656,"NAD83 11N",9,"N",1,"T","JUOC",12,64.5,173,178,24,0,NA,0,NA,0,NA,"U","oot","oot","oot"
"207",2016,"2016-07-07","EMMAOR","EMMAOR_NWOLFC2-03A_2016","U","EMMAOR_WOLFC2","EMMAOR_WOLFC2-03",267,19,369554.94,4877554.946,"NAD83 11N",1.5,"N",0,"T","JUOC",12,26.5,99,206,16,0,NA,0,NA,0,NA,"U","oot","oot","oot"
"208",2017,"2017-06-28","EMMAOR","EMMAOR_NWOLFC2-08A_2017","U","EMMAOR_WOLFC2","EMMAOR_WOLFC2-08",143,39,370192.842,4876099.555,"NAD83 11N",4.1,"N",0,"T","JUOC",8.2,49,330,268,12,0,NA,0,NA,0,NA,"U","oot","oot","oot"
"209",2015,"2015-06-18","EMMAOR","EMMAOR_NWOLFC2-09A_2015","U","EMMAOR_WOLFC2","EMMAOR_WOLFC2-09",75,32,370090.691,4875925.514,"NAD83 11N",1.8,"N",1,"T","JUOC",12.1,55.8,251,252,8,0,NA,0,NA,0,NA,"U","oot","oot","oot"
"210",2016,"2016-06-27","EMMAOR","EMMAOR_NWOLFC2-09A_2016","U","EMMAOR_WOLFC2","EMMAOR_WOLFC2-09",74,24,370113.169,4876044.094,"NAD83 11N",2,"N",0,"T","JUOC",7,34.7,216,222,14,0,NA,0,NA,0,NA,"U","oot","oot","oot"
"211",2019,"2019-06-18","EMMAOR","EMMAOR_NWOLFC2-09A_2019","U","EMMAOR_WOLFC2","EMMAOR_WOLFC2-09",230,35,370013.19,4876046.62,"NAD83 11N",2.1,"N",0,"T","JUOC",9.4,36.7,34,28,7,0,NA,0,NA,0,NA,"U","oot","oot","oot"
"212",2017,"2017-07-06","EMMAOR","EMMAOR_NWOLFTA3-09A_2017","U","EMMAOR_WOLFTA3","EMMAOR_WOLFTA3-09",295,38,359165.343,4884300.744,"NAD83 11N",0.75,"N",2,"L","PIPO",1.1,54.5,100,220,15,0,NA,0,NA,0,NA,"U","oot","oot","oot"
"213",2015,"2015-05-19","EMMAOR","EMMAOR_NWOLFTB1-06A_2015","OT","EMMAOR_WOLFTB1","EMMAOR_WOLFTB1-06",325,33,364828.718,4884957.844,"NAD83 11N",1.75,"O",2,"S","PSME",2.35,42.1,159,138,9,0,NA,1,2009,1,2009,"H","oot","6","6"
"214",2016,"2016-06-13","EMMAOR","EMMAOR_NWOLFTB1-06A_2016","OT","EMMAOR_WOLFTB1","EMMAOR_WOLFTB1-06",350,15,365000.362,4884821.049,"NAD83 11N",1.3,"N",2,"S","ABCO",1.8,43,20,30,7,0,NA,1,2009,1,2009,"H","oot","7","7"
"215",2015,"2015-06-29","EMMAOR","EMMAOR_NWOLFTB3-08A_2015","OT","EMMAOR_WOLFTB3","EMMAOR_WOLFTB3-08",259,34,365017.59,4883239.803,"NAD83 11N",2.7,"N",2,"S","ABGR",6,77.1,346,15,1.75,0,NA,1,2010,1,2010,"H","oot","5","5"
"216",2014,"2014-06-17","EMMAOR","EMMAOR_NWOLFTB4-10A_2014","U","EMMAOR_WOLFTB4","EMMAOR_WOLFTB4-10",290,40,364838.131,4880838.685,"NAD83 11N",1.2,"O",2,"S","PIPO",1.6,34,108,110,6,0,NA,0,NA,0,NA,"U","oot","oot","oot"
"217",2015,"2015-06-16","EMMAOR","EMMAOR_NWOLFTB4-10A_2015","U","EMMAOR_WOLFTB4","EMMAOR_WOLFTB4-10",290,61,364839.246,4880841.728,"NAD83 11N",1.2,"O",2,"S","PIPO",1.6,34,108,110,6,0,NA,0,NA,0,NA,"U","oot","oot","oot"
"218",2013,"2013-06-20","EMPAID","EMPAID_N1WS05A_2013","U","EMPAID_1WS","EMPAID_1WS05",5,50,547572.501198,4968534.83959,"NAD83 11N",2.5,"N",2,"S","PIPO",3,26.7,147,80,19.6,1,2013,0,NA,1,2013,"B","0","oot","0"
"219",2019,"2019-06-19","EMPAID","EMPAID_N1WS06A_2019","HTB","EMPAID_1WS","EMPAID_1WS06",46,44,546941.215,4968416.937,"NAD83 11N",1.75,"N",3,"S","PIPO",2.2,49.5,212,95,14,3,2019,2,2012,5,2019,"HB","0","7","0"
"220",2013,"2013-05-31","EMPAID","EMPAID_N1WS07A_2013","U","EMPAID_1WS","EMPAID_1WS07",228,55,547569.331225,4967557.13888,"NAD83 11N",4.6,"N",2,"S","PIPO",5.6,56.7,62,258,8.5,0,NA,0,NA,0,NA,"U","oot","oot","oot"
"221",2014,"2014-05-28","EMPAID","EMPAID_N1WS07A_2014","U","EMPAID_1WS","EMPAID_1WS07",18,44,547599.55,4967957.484,"NAD83 11N",3,"N",2,"S","PSMEG",4.2,107,268,277,20,0,NA,0,NA,0,NA,"U","oot","oot","oot"
"222",2017,"2017-06-16","EMPAID","EMPAID_N1WS07A_2017","HTB","EMPAID_1WS","EMPAID_1WS07",28,28,547380.732,4968175.97,"NAD83 11N",3.7,"N",2,"S","PIPO",4,35,182,149,15,3,2016,1,2012,4,2016,"HB","1","5","1"
"223",2018,"2018-06-29","EMPAID","EMPAID_N1WS07A_2018","B","EMPAID_1WS","EMPAID_1WS07",114,58,547507.647,4967828.486,"NAD83 11N",3.4,"N",4,"S","PIPO",15.8,63.9,272,254,22.5,1,2016,0,NA,1,2016,"B","2","oot","2"
"224",2019,"2019-06-19","EMPAID","EMPAID_N1WS07A_2019","HTB","EMPAID_1WS","EMPAID_1WS07",72,57,547258.735,4968170.555,"NAD83 11N",2.2,"N",2,"S","PIPO",4.6,56,190,228,12,4,2019,1,2012,5,2019,"HB","0","7","0"
"225",2017,"2017-06-23","EMPAID","EMPAID_N1WS09A_2017","B","EMPAID_1WS","EMPAID_1WS09",82,31,546363.336,4968014.082,"NAD83 11N",2.6,"N",2,"S","PIPO",3.3,43.6,248,227,7,1,2012,1,2012,2,2012,"HB","5","5","5"
"226",2018,"2018-05-24","EMPAID","EMPAID_N1WS09A_2018","B","EMPAID_1WS","EMPAID_1WS09",256,38,546155.786,4967880.704,"NAD83 11N",2.5,"N",2,"S","PIPO",2.7,34.4,68,86,9.8,1,2012,2,2012,3,2012,"HB","6","6","6"
"227",2017,"2017-05-23","EMPAID","EMPAID_N2WS05A_2017","B","EMPAID_2WS","EMPAID_2WS05",35,30,547045.16,4972115.161,"NAD83 11N",1.5,"N",2,"S","PIPO",2.5,51.6,223,330,14.3,2,2016,0,NA,2,2016,"B","1","oot","1"
"228",2018,"2018-06-29","EMPAID","EMPAID_N2WS08A_2018","B","EMPAID_2WS","EMPAID_2WS08",0,52,546533.015,4971408.719,"NAD83 11N",2,"N",2,"S","PIPO",4.7,30.1,160,157,23.8,3,2016,0,NA,3,2016,"B","2","oot","2"
"229",2018,"2018-06-28","EMPAID","EMPAID_NBR01A_2018","U","EMPAID_BR","EMPAID_BR01",337,42,525437.512,4987395.417,"NAD83 11N",3.7,"N",2,"S","PIPO",4.1,33.5,161,179,9.2,0,NA,0,NA,0,NA,"U","oot","oot","oot"
"230",2013,"2013-06-13","EMPAID","EMPAID_NBR04A_2013","U","EMPAID_BR","EMPAID_BR04",305,20,525405.374599,4988676.40622,"NAD83 11N",1.2,"N",2,"S","PIPO",3.7,81.1,108,242,5,0,NA,0,NA,0,NA,"U","oot","oot","oot"
"231",2014,"2014-06-26","EMPAID","EMPAID_NB-S01A_2014","U","EMPAID_B-S","EMPAID_S01",290,103,525879.374,4992272.229,"NAD83 11N",3.6,"N",2,"S","PIPO",9.2,59,154,203,21,0,NA,0,NA,0,NA,"U","oot","oot","oot"
"232",2016,"2016-06-23","EMPAID","EMPAID_NB-T01A_2016","HB","EMPAID_B-T","EMPAID_T01",220,46,522468.361,4985622.447,"NAD83 11N",1.4,"N",2,"S","PIPO",2.9,38.5,28,48,6,1,2015,1,2012,2,2015,"HB","1","4","1"
"233",2018,"2018-06-20","EMPAID","EMPAID_NB-T01A_2018","B","EMPAID_B-T","EMPAID_T01",172,52,522877.664,4985720.725,"NAD83 11N",3.7,"N",2,"S","PIPO",4.5,53,338,54,4.2,2,2015,2,2012,4,2015,"HB","3","6","3"
"234",2019,"2019-06-18","EMPAID","EMPAID_NB-T01A_2019","HB","EMPAID_B-T","EMPAID_T01",260,34,522547.973,4985345.247,"NAD83 11N",3.3,"N",2,"S","PIPO",3.6,32.5,50,270,12.7,1,2015,1,2012,2,2015,"HB","4","7","4"
"235",2015,"2015-06-09","EMPAID","EMPAID_NB-T02A_2015","U","EMPAID_B-T","EMPAID_T02",147,38,522081.734,4985307.952,"NAD83 11N",1.3,"N",2,"S","PIPO",1.8,29.5,331,111,7,0,NA,0,NA,0,NA,"U","oot","oot","oot"
"236",2016,"2016-06-09","EMPAID","EMPAID_NB-T06A_2016","B","EMPAID_B-T","EMPAID_T06",190,25,521827.945,4984310.136,"NAD83 11N",3,"N",2,"S","PIPO",3.5,50,356,261,12,1,2016,1,2012,2,2016,"HB","0","4","0"
"237",2019,"2019-06-13","EMPAID","EMPAID_NB-T06A_2019","B","EMPAID_B-T","EMPAID_T06",244,17,521845.712,4984278.545,"NAD83 11N",5,"N",2,"S","PIPO",8.2,37.1,59,104,2.5,1,2016,1,2012,2,2016,"HB","3","7","3"
"238",2012,"2012-06-29","EMPAID","EMPAID_NB-T08A_2012","U","EMPAID_B-T","EMPAID_T08",174,63,522358.876,4983628.91,"NAD83 11N",2.5,"N",2,"S","PIPO",3.2,22.6,48,238,7.6,0,NA,1,2012,1,2012,"H","oot","0","0"
"239",2012,"2012-06-14","EMPAID","EMPAID_NB-T10A_2012","U","EMPAID_B-T","EMPAID_T10",247,23,521801.657,4982739.367,"NAD83 11N",2.6,"N",1,"S","PIPO",6,24.3,65,44,3.5,0,NA,0,NA,0,NA,"U","oot","oot","oot"
"240",2013,"2013-07-03","EMPAID","EMPAID_NB-T10A_2013","H","EMPAID_B-T","EMPAID_T10",999,999,521970.083322,4982616.53278,"NAD83 11N",2,"N",2,"S","PIPO",3,37.2,99,208,3,0,NA,1,2012,1,2012,"H","oot","1","1"
"241",2014,"2014-06-01","EMPAID","EMPAID_NB-T10A_2014","B","EMPAID_B-T","EMPAID_T10",74,55,521934.332,4982550.943,"NAD83 11N",3,"N",2,"S","PIPO",3.5,39,248,68,11,0,NA,1,2012,1,2012,"H","oot","2","2"
"242",2017,"2017-06-19","EMPAID","EMPAID_NB-T10A_2017","B","EMPAID_B-T","EMPAID_T10",36,41,521729.21,4983181.896,"NAD83 11N",4,"N",3,"S","PIPO",4.2,32.1,204,176,6,1,2016,1,2012,2,2016,"HB","1","5","1"
"243",2018,"2018-05-21","EMPAID","EMPAID_NB-T10A_2018","B","EMPAID_B-T","EMPAID_T10",149,35,522031.606,4982582.414,"NAD83 11N",2.5,"N",2,"S","PIPO",3.8,29.6,124,150,10,0,NA,1,2012,1,2012,"H","oot","6","6"
"244",2019,"2019-06-13","EMPAID","EMPAID_NB-T10A_2019","U","EMPAID_B-T","EMPAID_T10",112,32,521828.648,4982850.961,"NAD83 11N",2.4,"N",2,"S","PIPO",5,54.5,225,91,8.5,0,NA,1,2012,1,2012,"H","oot","7","7"
"245",2013,"2013-06-17","EMPAID","EMPAID_NB-U01A_2013","U","EMPAID_B-U","EMPAID_U01",999,999,529849.615186,4981770.05185,"NAD83 11N",1.8,"N",2,"S","PIPO",2,33.9,139,52,6,0,NA,0,NA,0,NA,"U","oot","oot","oot"
"246",2014,"2014-05-23","EMPAID","EMPAID_NB-U01A_2014","U","EMPAID_B-U","EMPAID_U01",352,43,529391.567,4981977.634,"NAD83 11N",2,"N",2,"S","PIPO",2.3,28.1,145,348,6,0,NA,0,NA,0,NA,"U","oot","oot","oot"
"247",2015,"2015-05-20","EMPAID","EMPAID_NB-U01A_2015","U","EMPAID_B-U","EMPAID_U01",185,50,529841.622,4981781.218,"NAD83 11N",1.4,"N",2,"S","PIPO",1.75,24.4,16,66,6,0,NA,0,NA,0,NA,"U","oot","oot","oot"
"248",2016,"2016-05-21","EMPAID","EMPAID_NB-U01A_2016","U","EMPAID_B-U","EMPAID_U01",304,31,529699.566,4981856.285,"NAD83 11N",4.3,"N",2,"S","PIPO",4.7,47.1,169,123,4.7,0,NA,0,NA,0,NA,"U","oot","oot","oot"
"249",2012,"2012-06-18","EMPAID","EMPAID_NB-U02A_2012","U","EMPAID_B-U","EMPAID_U02",287,31,530819.66,4981275.417,"NAD83 11N",3.5,"N",2,"S","PIPO",7.5,59.8,107,214,8.5,0,NA,0,NA,0,NA,"U","oot","oot","oot"
"250",2013,"2013-05-30","EMPAID","EMPAID_NB-U02A_2013","U","EMPAID_B-U","EMPAID_U02",194,72,530872.198514,4981188.31259,"NAD83 11N",16.9,"N",0,"T","PIPO",18.9,53.7,50,180,14.6,0,NA,0,NA,0,NA,"U","oot","oot","oot"
"251",2015,"2015-06-17","EMPAID","EMPAID_NB-U05A_2015","U","EMPAID_B-U","EMPAID_U05",272,57,529553.243,4980656.013,"NAD83 11N",3.8,"N",2,"S","PIPO",4.5,44.9,52,316,7,0,NA,0,NA,0,NA,"U","oot","oot","oot"
"252",2012,"2012-06-13","EMPAID","EMPAID_NBWC01A_2012","U","Incidental","Incidental",135,50,529415.98,4992622.232,"NAD83 11N",2.2,"N",2,"S","PIPO",2.6,72.2,232,178,6.6,0,NA,0,NA,0,NA,"U","oot","oot","oot"
"253",2013,"2013-05-23","EMPAID","EMPAID_NBWC01A_2013","U","Incidental","Incidental",135,50,529415.98,4992622.232,"NAD83 11N",1.8,"N",2,"S","PIPO",2.6,72.2,20,178,6.6,0,NA,0,NA,0,NA,"U","oot","oot","oot"
"254",2014,"2014-05-13","EMPAID","EMPAID_NBWC01A_2014","U","Incidental","Incidental",999,999,529323.933,4992625.337,"NAD83 11N",2.3,"N",2,"S","PIPO",2.5,29,212,153,15.5,0,NA,0,NA,0,NA,"U","oot","oot","oot"
"255",2015,"2015-05-19","EMPAID","EMPAID_NBWC01A_2015","U","Incidental","Incidental",999,999,529472.012,4992309.81,"NAD83 11N",2.1,"N",3,"S","PIPO",3.1,75.6,204,182,4,0,NA,0,NA,0,NA,"U","oot","oot","oot"
"256",2016,"2016-06-08","EMPAID","EMPAID_NBWC01A_2016","U","Incidental","Incidental",336,30,529427.917,4992203.128,"NAD83 11N",1.7,"N",2,"S","PIPO",3.1,33,146,223,8.5,0,NA,0,NA,0,NA,"U","oot","oot","oot"
"257",2017,"2017-06-29","EMPAID","EMPAID_NBWC01A_2017","U","Incidental","Incidental",64,40,529244.913,4993041.462,"NAD83 11N",3.4,"N",0,"T","PIPO",6.8,48.5,174,269,9,0,NA,0,NA,0,NA,"U","oot","oot","oot"
"258",2018,"2018-05-22","EMPAID","EMPAID_NBWC01A_2018","U","Incidental","Incidental",260,42,529447.259,4992430.737,"NAD83 11N",4.4,"N",1,"S","PIPO",19.1,51.3,79,140,8.6,0,NA,2,2018,2,2018,"H","oot","0","0"
"259",2019,"2019-07-09","EMPAID","EMPAID_NCC02A_2019","OB","Incidental","Incidental",334,43,527103.888,4970488.882,"NAD83 11N",1,"N",2,"S","PSMEG",1.5,47.8,126,230,2.8,0,NA,0,NA,0,NA,"U","oot","oot","oot"
"260",2013,"2013-06-21","EMPAID","EMPAID_NCC07A_2013","OB","Incidental","Incidental",188,41,528949.322401,4970965.98741,"NAD83 11N",3,"N",2,"S","PIPO",3.8,43.5,28,190,10,1,2003,0,NA,1,2003,"B","10","oot","10"
"261",2014,"2014-06-02","EMPAID","EMPAID_NCC08A_2014","OB","Incidental","Incidental",999,999,528736.004,4971343.109,"NAD83 11N",1.7,"N",2,"S","PIPO",3.2,31,26,147,13.7,1,2003,0,NA,1,2003,"B","11","oot","11"
"262",2019,"2019-06-19","EMPAID","EMPAID_NCC10A_2019","OB","Incidental","Incidental",115,35,529165.104,4972455.402,"NAD83 11N",1.4,"N",2,"S","PIPO",9,28.2,97,248,13,1,2005,0,NA,1,2005,"B","14","oot","14"
"263",2012,"2012-06-21","EMPAID","EMPAID_NCP09A_2012","U","Incidental","Incidental",300,30,522409.617,4982363.481,"NAD83 11N",1.4,"N",2,"S","PIPO",2.4,25.3,139,50,11.3,1,2002,0,NA,1,2002,"B","10","oot","10"
"264",2012,"2012-06-14","EMPAID","EMPAID_NCR01A_2012","U","Incidental","Incidental",34,83,525850.709,4974096.62,"NAD83 11N",1.1,"N",2,"S","PIPO",1.5,28.6,270,200,18.5,0,NA,0,NA,0,NA,"U","oot","oot","oot"
"265",2012,"2012-06-14","EMPAID","EMPAID_NCR07A_2012","U","Incidental","Incidental",20,18,526823.504,4974737.136,"NAD83 11N",1.1,"O",1,"L","PIPO",1.8,64,999,160,3,0,NA,1,2012,1,2012,"H","oot","0","0"
"266",2013,"2013-06-19","EMPAID","EMPAID_NCR07A_2013","U","Incidental","Incidental",20,18,526823.504,4974737.136,"NAD83 11N",1.5,"N",1,"L","PIPO",1.8,64,999,160,3,0,NA,1,2012,1,2012,"H","oot","1","1"
"267",2013,"2013-05-28","EMPAID","EMPAID_NCU04A_2013","U","EMPAID_CU","EMPAID_CU04",290,25,525672.487706,4991215.27858,"NAD83 11N",3.2,"N",2,"S","PSMEG",5,78,178,193,16,0,NA,0,NA,0,NA,"U","oot","oot","oot"
"268",2015,"2015-06-04","EMPAID","EMPAID_NCU05A_2015","U","EMPAID_CU","EMPAID_CU05",0,25,525250.883,4991544.695,"NAD83 11N",2.1,"N",2,"S","PIPO",4.5,66.2,192,358,15,0,NA,0,NA,0,NA,"U","oot","oot","oot"
"269",2016,"2016-06-06","EMPAID","EMPAID_NCU05A_2016","U","EMPAID_CU","EMPAID_CU05",0,25,525250.883,4991544.695,"NAD83 11N",2.1,"O",2,"S","PIPO",4.5,66.2,192,358,15,0,NA,0,NA,0,NA,"U","oot","oot","oot"
"270",2013,"2013-05-20","EMPAID","EMPAID_NCU07A_2013","HT","EMPAID_CU","EMPAID_CU07",236,42,524836.446292,4991607.84,"NAD83 11N",2.8,"N",2,"S","PSMEG",3.2,35.8,30,17,24.5,0,NA,1,2012,1,2012,"H","oot","1","1"
"271",2014,"2014-06-26","EMPAID","EMPAID_NCU09A_2014","U","EMPAID_CU","EMPAID_CU09",999,999,524266.215,4991423.259,"NAD83 11N",2.4,"N",2,"S","PIPO",2.7,32,342,151,22.5,0,NA,1,2012,1,2012,"H","oot","2","2"
"272",2015,"2015-06-04","EMPAID","EMPAID_NCU09A_2015","U","EMPAID_CU","EMPAID_CU09",999,999,524387.954,4991349.43,"NAD83 11N",2.2,"N",3,"S","PIPO",5.5,60.4,194,168,19,0,NA,0,NA,0,NA,"U","oot","oot","oot"
"273",2012,"2012-06-12","EMPAID","EMPAID_NCU10A_2012","HT","Incidental","Incidental",110,28,523940.244,4991313.052,"NAD83 11N",2,"N",3,"S","PIPO",2.3,116,306,188,16,0,NA,1,2012,1,2012,"H","oot","0","0"
"274",2013,"2013-05-20","EMPAID","EMPAID_NCU10A_2013","HT","EMPAID_CU","EMPAID_CU10",90,40,523993.681907,4991339.80794,"NAD83 11N",1.8,"N",2,"S","PIPO",11.1,89.5,240,157,10,0,NA,1,2012,1,2012,"H","oot","1","1"
"275",2014,"2014-05-21","EMPAID","EMPAID_NCU10A_2014","HT","EMPAID_CU","EMPAID_CU10",244,30,523798.25,4991608.64,"NAD83 11N",4.4,"N",2,"S","PIPO",8.5,84,78,322,23.3,0,NA,1,2012,1,2012,"H","oot","2","2"
"276",2015,"2015-05-19","EMPAID","EMPAID_NCU10A_2015","HT","EMPAID_CU","EMPAID_CU10",327,35,523648.562,4991592.813,"NAD83 11N",4.5,"N",0,"T","PIPO",41,95.5,152,18,25,0,NA,1,2012,1,2012,"H","oot","3","3"
"277",2018,"2018-06-26","EMPAID","EMPAID_NCU10A_2018","U","Incidental","Incidental",82,27,523591.748,4989451.194,"NAD83 11N",2.5,"N",2,"S","PIPO",4.1,39.1,248,231,9,0,NA,0,NA,0,NA,"U","oot","oot","oot"
"278",2019,"2019-06-26","EMPAID","EMPAID_NCU10A_2019","U","Incidental","Incidental",82,27,523591.748,4989451.194,"NAD83 11N",2.8,"N",2,"S","PIPO",4.1,39.1,228,231,9,0,NA,0,NA,0,NA,"U","oot","oot","oot"
"279",2013,"2013-06-10","EMPAID","EMPAID_NCW-A01A_2013","U","EMPAID_CW-A","EMPAID_A01",281,30,550114.299017,4959633.27318,"NAD83 11N",4.6,"N",2,"S","PIPO",7.8,41.9,100,202,14.3,0,NA,0,NA,0,NA,"U","oot","oot","oot"
"280",2014,"2014-05-27","EMPAID","EMPAID_NCW-A01A_2014","U","EMPAID_CW-A","EMPAID_A01",70,40,551658.314,4959449.845,"NAD83 11N",1.1,"N",2,"S","PIPO",1.7,28,230,226,10,0,NA,0,NA,0,NA,"U","oot","oot","oot"
"281",2015,"2015-05-28","EMPAID","EMPAID_NCW-A01A_2015","U","EMPAID_CW-A","EMPAID_A01",266,40,551476.921,4959454.632,"NAD83 11N",2.2,"N",2,"S","PIPO",3.75,27.4,31,230,7.75,0,NA,0,NA,0,NA,"U","oot","oot","oot"
"282",2017,"2017-06-28","EMPAID","EMPAID_NCW-A01A_2017","HT","EMPAID_CW-A","EMPAID_A01",68,37,551765.057,4960085.09,"NAD83 11N",3.5,"N",1,"S","PIPO",27,102.4,267,241,20,0,NA,1,2017,1,2017,"H","oot","0","0"
"283",2018,"2018-06-01","EMPAID","EMPAID_NCW-A01A_2018","HT","EMPAID_CW-A","EMPAID_A01",340,33,550355.378,4959539.434,"NAD83 11N",1.8,"N",2,"S","PIPO",15.2,63.9,144,101,12.5,0,NA,2,2017,2,2017,"H","oot","1","1"
"284",2013,"2013-06-12","EMPAID","EMPAID_NCW-A01B_2013","U","EMPAID_CW-A","EMPAID_A01",77,20,551539.386512,4959565.98498,"NAD83 11N",4.1,"N",2,"S","PIPO",4.9,48,273,233,12.8,0,NA,0,NA,0,NA,"U","oot","oot","oot"
"285",2015,"2015-07-08","EMPAID","EMPAID_NCW-A01B_2015","U","EMPAID_CW-A","EMPAID_A01",999,999,551373.257,4959628.404,"NAD83 11N",6.3,"N",2,"S","PIPO",7,30.8,284,272,13,0,NA,0,NA,0,NA,"U","oot","oot","oot"
"286",2018,"2018-06-27","EMPAID","EMPAID_NCW-A01B_2018","HTB","EMPAID_CW-A","EMPAID_A01",208,50,551961.396,4959943.022,"NAD83 11N",4.6,"N",2,"S","PSMEG",5,43.5,29,220,26.5,1,2018,2,2017,3,2018,"HB","0","1","0"
"287",2019,"2019-06-13","EMPAID","EMPAID_NCW-A02A_2019","HTB","EMPAID_CW-A","EMPAID_A02",104,32,550293.353,4959169.85,"NAD83 11N",2.2,"N",2,"S","PSMEG",2.5,22,293,70,12,2,2019,2,2017,4,2019,"HB","0","2","0"
"288",2012,"2012-05-26","EMPAID","EMPAID_NCW-A03A_2012","U","EMPAID_CW-A","EMPAID_A03",999,999,550509.987,4958785.505,"NAD83 11N",3,"N",2,"S","PIPO",7.4,35,119,176,21.5,0,NA,0,NA,0,NA,"U","oot","oot","oot"
"289",2016,"2016-05-23","EMPAID","EMPAID_NCW-A03A_2016","U","EMPAID_CW-A","EMPAID_A03",270,23,550509.987,4958785.505,"NAD83 11N",1.2,"N",2,"S","PIPO",7.4,35,22,176,21.5,0,NA,2,2016,2,2016,"H","oot","0","0"
"290",2017,"2017-06-13","EMPAID","EMPAID_NCW-A03A_2017","HT","EMPAID_CW-A","EMPAID_A03",119,38,550748.206,4958841.687,"NAD83 11N",2,"N",2,"S","PIPO",12.4,53.6,272,69,7,0,NA,2,2017,2,2017,"H","oot","0","0"
"291",2018,"2018-05-23","EMPAID","EMPAID_NCW-A04A_2018","HTB","EMPAID_CW-A","EMPAID_A04",163,38,550719.628,4958475.82,"NAD83 11N",1.3,"N",2,"S","PIPO",2.8,24.1,339,205,7.1,1,2018,3,2017,4,2018,"HB","0","1","0"
"292",2019,"2019-05-17","EMPAID","EMPAID_NCW-A04A_2019","HTB","EMPAID_CW-A","EMPAID_A04",45,27,550785.284,4958579.188,"NAD83 11N",2.5,"N",2,"S","PIPO",2.9,34,258,170,4.5,2,2019,4,2017,6,2019,"HB","0","2","0"
"293",2017,"2017-06-12","EMPAID","EMPAID_NCW-A05A_2017","HT","EMPAID_CW-A","EMPAID_A05",340,27,550880.687,4958130.095,"NAD83 11N",2.3,"N",3,"S","PIPO",14.8,102.3,142,326,19,0,NA,2,2015,2,2015,"H","oot","2","2"
"294",2018,"2018-06-27","EMPAID","EMPAID_NCW-A07A_2018","HT","EMPAID_CW-A","EMPAID_A07",96,38,551757.102,4959044.424,"NAD83 11N",1.9,"N",2,"S","PIPO",2.8,26.8,106,278,8.5,0,NA,1,2017,1,2017,"H","oot","1","1"
"295",2019,"2019-06-07","EMPAID","EMPAID_NCW-A07A_2019","U","EMPAID_CW-A","EMPAID_A07",100,27,551852.804,4959088.629,"NAD83 11N",1.7,"N",2,"S","PSMEG",2.1,32.3,134,239,6.5,0,NA,1,2017,1,2017,"H","oot","2","2"
"296",2019,"2019-06-03","EMPAID","EMPAID_NCW-B02A_2019","HTB","EMPAID_CW-B","EMPAID_B02",329,39,551776.945,4957611.463,"NAD83 11N",4.8,"N",2,"S","PSMEG",5.3,55.6,167,304,22,2,2019,2,2017,4,2019,"HB","0","2","0"
"297",2017,"2017-06-19","EMPAID","EMPAID_NCW-B03A_2017","HT","EMPAID_CW-B","EMPAID_B03",10,32,551836.1,4957548.659,"NAD83 11N",3,"N",3,"S","PIPO",33.9,51.1,16,318,30,0,NA,2,2017,2,2017,"H","oot","0","0"
"298",2016,"2016-06-17","EMPAID","EMPAID_NCW-B04A_2016","HT","EMPAID_CW-B","EMPAID_B04",100,40,552127.301,4957971.349,"NAD83 11N",3,"N",2,"S","PSMEG",4.2,27.2,282,149,8,0,NA,1,2016,1,2016,"H","oot","0","0"
"299",2018,"2018-06-18","EMPAID","EMPAID_NCW-B04A_2018","HTB","EMPAID_CW-B","EMPAID_B04",44,24,552209.808,4957932.504,"NAD83 11N",3,"N",2,"S","PIPO",5.1,33.7,238,221,9.9,1,2018,2,2017,3,2018,"HB","0","1","0"
"300",2015,"2015-05-22","EMPAID","EMPAID_NCW-D04A_2015","U","EMPAID_CW-D","EMPAID_D04",196,40,548322.704,4956021.103,"NAD83 11N",4,"N",2,"S","PIPO",5,50.8,6,323,5.8,0,NA,0,NA,0,NA,"U","oot","oot","oot"
"301",2016,"2016-06-22","EMPAID","EMPAID_NCW-D04A_2016","HTB","EMPAID_CW-D","EMPAID_D04",228,45,548413.399,4956222.51,"NAD83 11N",3.5,"N",3,"S","PIPO",4,36.3,74,350,19,1,2016,2,2015,3,2016,"HB","0","1","0"
"302",2017,"2017-05-30","EMPAID","EMPAID_NCW-D04A_2017","TB","EMPAID_CW-D","EMPAID_D04",44,37,548147.376,4956600.53,"NAD83 11N",2,"N",3,"S","PIPO",2.6,48.7,250,349,11,1,2016,1,2015,2,2016,"HB","1","2","1"
"303",2014,"2014-06-23","EMPAID","EMPAID_NCW-D06A_2014","U","EMPAID_CW-D","EMPAID_D06",256,36,548769.269,4956245.75,"NAD83 11N",3.3,"N",2,"S","PIPO",3.5,28,76,266,7.9,0,NA,1,2014,1,2014,"H","oot","0","0"
"304",2012,"2012-06-20","EMPAID","EMPAID_NCW-D09A_2012","U","EMPAID_CW-D","EMPAID_D09",345,76,548817.118,4955986.319,"NAD83 11N",6.6,"N",2,"S","PIPO",7.1,32,170,191,4.5,0,NA,0,NA,0,NA,"U","oot","oot","oot"
"305",2013,"2013-07-25","EMPAID","EMPAID_NCW-D09A_2013","U","EMPAID_CW-D","EMPAID_D09",120,18,549114.210454,4955975.57601,"NAD83 11N",1.6,"N",2,"S","PIPO",2.4,28.9,279,267,9.4,0,NA,0,NA,0,NA,"U","oot","oot","oot"
"306",2013,"2013-05-10","EMPAID","EMPAID_NCW-D10A_2013","B","EMPAID_CW-D","EMPAID_D10",136,30,549355.028947,4955879.37987,"NAD83 11N",3.6,"N",2,"S","PIPO",4.6,39.4,330,170,5,0,NA,0,NA,0,NA,"U","oot","oot","oot"
"307",2016,"2016-06-28","EMPAID","EMPAID_NCW-D10A_2016","HTB","EMPAID_CW-D","EMPAID_D10",312,27,549349.456,4955761.912,"NAD83 11N",9.8,"N",2,"S","PIPO",10.7,59,180,287,15,1,2016,1,2016,2,2016,"HB","0","0","0"
"308",2017,"2017-05-19","EMPAID","EMPAID_NCW-D10A_2017","B","EMPAID_CW-D","EMPAID_D10",135,29,549345.282,4955938.501,"NAD83 11N",2.1,"N",3,"S","PIPO",2.3,27.4,318,228,11,1,2016,2,2017,3,2017,"HB","1","0","0"
"309",2017,"2017-06-13","EMPAID","EMPAID_NCW-E03A_2017","HT","EMPAID_CW-E","EMPAID_E03",280,32,552340.599,4956581.862,"NAD83 11N",2.5,"N",3,"S","PIPO",10.5,93,130,279,16,0,NA,3,2017,3,2017,"H","oot","0","0"
"310",2019,"2019-06-18","EMPAID","EMPAID_NCW-G02A_2019","OB","EMPAID_CW-G","EMPAID_G02",358,13,551221.868,4950535.674,"NAD83 11N",8.4,"N",1,"S","PSMEG",15.6,44.5,178,25,25,1,2018,1,2017,2,2018,"HB","1","2","1"
"311",2013,"2013-05-15","EMPAID","EMPAID_NDL03A_2013","U","EMPAID_DL","EMPAID_DL03",224,44,529422.611,4979791.125,"NAD83 11N",6.7,"N",2,"S","PIPO",7.8,64.1,70,138,13.8,0,NA,0,NA,0,NA,"U","oot","oot","oot"
"312",2014,"2014-05-23","EMPAID","EMPAID_NDL03A_2014","U","EMPAID_DL","EMPAID_DL03",224,45,529422.611,4979791.125,"NAD83 11N",3.2,"N",2,"S","PIPO",7.8,64.1,42,138,13.8,0,NA,0,NA,0,NA,"U","oot","oot","oot"
"313",2018,"2018-06-20","EMPAID","EMPAID_NDL04A_2018","U","EMPAID_DL","EMPAID_DL04",274,75,529425.022,4979806.666,"NAD83 11N",5.7,"N",1,"S","PIPO",22.4,83.5,123,105,14,0,NA,0,NA,0,NA,"U","oot","oot","oot"
"314",2014,"2014-06-18","EMPAID","EMPAID_NDL08A_2014","U","EMPAID_DL","EMPAID_DL08",74,25,531159.947,4981185.695,"NAD83 11N",2.9,"N",2,"S","PIPO",4.5,38.1,307,168,23,0,NA,0,NA,0,NA,"U","oot","oot","oot"
"315",2015,"2015-06-04","EMPAID","EMPAID_NDL08A_2015","U","EMPAID_DL","EMPAID_DL08",292,20,530749.435,4981068.656,"NAD83 11N",1.2,"N",1,"S","PIPO",13.5,51.4,148,203,12.5,0,NA,0,NA,0,NA,"U","oot","oot","oot"
"316",2017,"2017-06-29","EMPAID","EMPAID_NDL08A_2017","U","EMPAID_DL","EMPAID_DL08",2.5,50,530723.544,4981236.618,"NAD83 11N",2,"N",3,"S","PIPO",6.5,64.9,167,228,12.5,0,NA,0,NA,0,NA,"U","oot","oot","oot"
"317",2018,"2018-05-23","EMPAID","EMPAID_NDL10A_2018","U","EMPAID_DL","EMPAID_DL10",240,30,530210.802,4981502.412,"NAD83 11N",2.5,"N",2,"S","PIPO",3.3,28.4,165,283,8.6,0,NA,0,NA,0,NA,"U","oot","oot","oot"
"318",2018,"2018-05-23","EMPAID","EMPAID_NEFW01A_2018","U","Incidental","Incidental",251,40,550248.096,4966329.36,"NAD83 11N",3.2,"N",2,"S","PIPO",4.8,40.1,61,287,18,0,NA,1,2018,1,2018,"H","oot","0","0"
"319",2017,"2017-05-26","EMPAID","EMPAID_NLC03A_2017","U","EMPAID_LC","EMPAID_LC03",62,41,531176.812,4983103.215,"NAD83 11N",2.3,"N",3,"S","PIPO",3.5,57.5,258,255,18.8,0,NA,1,2016,1,2016,"H","oot","1","1"
"320",2013,"2013-06-06","EMPAID","EMPAID_NLC04A_2013","OB","EMPAID_LC","EMPAID_LC04",283,54,530845.880796,4983227.26952,"NAD83 11N",2.3,"N",2,"S","PIPO",3.3,45.9,69,266,3,1,2002,0,NA,1,2002,"B","11","oot","11"
"321",2015,"2015-06-30","EMPAID","EMPAID_NLC05A_2015","U","EMPAID_LC","EMPAID_LC05",48,50,530585.827,4982794.511,"NAD83 11N",2,"N",2,"S","PIPO",3,38.2,227,88,20,0,NA,0,NA,0,NA,"U","oot","oot","oot"
"322",2016,"2016-05-19","EMPAID","EMPAID_NLC05A_2016","OB","EMPAID_LC","EMPAID_LC05",40,32,530800.825,4982990.133,"NAD83 11N",1.6,"N",3,"S","PIPO",2.8,35,230,52,5,1,2002,0,NA,1,2002,"B","14","oot","14"
"323",2014,"2014-05-22","EMPAID","EMPAID_NLC-R09A_2014","U","EMPAID_LC-R","EMPAID_R09",119,35,530898.009,4983362.481,"NAD83 11N",1.1,"N",2,"S","PIPO",1.9,27.3,309,304,4.25,1,2002,0,NA,1,2002,"B","12","oot","12"
"324",2012,"2012-05-24","EMPAID","EMPAID_NLC-R10A_2012","OB","EMPAID_LC-R","EMPAID_R10",128,56,530751.989,4983204.262,"NAD83 11N",1.6,"N",2,"S","PIPO",2.1,33.9,310,287,5.8,1,2002,0,NA,1,2002,"B","10","oot","10"
"325",2013,"2013-06-11","EMPAID","EMPAID_NPM09A_2013","U","Incidental","Incidental",47,45,527684.65982,4968624.1517,"NAD83 11N",2.6,"N",2,"S","PIPO",3.1,31.2,234,98,3.1,1,2002,0,NA,1,2002,"B","11","oot","11"
"326",2014,"2014-05-14","EMPAID","EMPAID_NPM09A_2014","U","Incidental","Incidental",49,20,527425.092,4968695.772,"NAD83 11N",1.7,"N",2,"S","PIPO",13.4,42,222,177,9,1,2002,0,NA,1,2002,"B","12","oot","12"
"327",2015,"2015-05-28","EMPAID","EMPAID_NSF02A_2015","U","EMPAID_SF","EMPAID_SF02",146,32,550466.694,4957536.369,"NAD83 11N",1.3,"N",2,"S","PIPO",2,56.3,32,202,29,0,NA,1,2015,1,2015,"H","oot","0","0"
"328",2016,"2016-05-25","EMPAID","EMPAID_NSF02A_2016","HT","EMPAID_SF","EMPAID_SF02",286,40,550504.649,4956764.463,"NAD83 11N",2.2,"N",2,"S","PIPO",6.1,38.1,141,337,4.8,0,NA,1,2016,1,2016,"H","oot","0","0"
"329",2012,"2012-06-19","EMPAID","EMPAID_NSF04A_2012","U","Incidental","Incidental",185,20,550503.181,4957885.985,"NAD83 11N",3.3,"N",2,"S","PIPO",4.4,68.2,1,303,11,0,NA,0,NA,0,NA,"U","oot","oot","oot"
"330",2016,"2016-05-25","EMPAID","EMPAID_NSF05A_2016","H","EMPAID_SF","EMPAID_SF05",178,40,550603.382,4958267.065,"NAD83 11N",1.4,"N",2,"S","PIPO",3.5,56.5,330,330,16.5,0,NA,2,2016,2,2016,"H","oot","0","0"
"331",2014,"2014-06-10","EMPAID","EMPAID_NSF07A_2014","HT","EMPAID_SF","EMPAID_SF07",125,36,550948.811,4957895.218,"NAD83 11N",2.3,"N",2,"S","PIPO",6.1,82.3,284,128,18.5,0,NA,2,2014,2,2014,"H","oot","0","0"
"332",2015,"2015-05-28","EMPAID","EMPAID_NSF07A_2015","HT","EMPAID_SF","EMPAID_SF07",314,20,550897.52,4957839.761,"NAD83 11N",3,"N",2,"S","PIPO",22.5,45.2,82,168,14,0,NA,3,2015,3,2015,"H","oot","0","0"
"333",2016,"2016-05-20","EMPAID","EMPAID_NSF07A_2016","HT","EMPAID_SF","EMPAID_SF07",330,35,550948.811,4957895.218,"NAD83 11N",5.5,"N",2,"S","PIPO",6.1,82.3,184,128,18.5,0,NA,3,2015,3,2015,"H","oot","1","1"
"334",2013,"2013-06-03","EMPAID","EMPAID_NSF08A_2013","U","EMPAID_SF","EMPAID_SF08",84,48,551006.964782,4958098.45638,"NAD83 11N",1.8,"N",2,"S","PIPO",7.9,36.8,261,174,16.5,0,NA,0,NA,0,NA,"U","oot","oot","oot"
"335",2014,"2014-05-30","EMPAID","EMPAID_NSF08A_2014","U","EMPAID_SF","EMPAID_SF08",198,29,550685.225,4957606.967,"NAD83 11N",1.9,"N",2,"S","PIPO",2.4,28.9,279,267,9.4,0,NA,2,2014,2,2014,"H","oot","0","0"
"336",2017,"2017-05-19","EMPAID","EMPAID_NSF08A_2017","HT","EMPAID_SF","EMPAID_SF08",999,32,550652.572,4956740.645,"NAD83 11N",2.8,"N",3,"S","PSMEG",3.7,28.9,340,230,8.5,0,NA,2,2017,2,2017,"H","oot","0","0"
"337",2014,"2014-05-20","EMPAID","EMPAID_NSF09A_2014","U","EMPAID_SF","EMPAID_SF09",327,35,550525.586,4958510.784,"NAD83 11N",0.7,"N",2,"S","PIPO",3.1,40.4,110,260,13,0,NA,0,NA,0,NA,"U","oot","oot","oot"
"338",2015,"2015-06-16","EMPAID","EMPAID_NSF09A_2015","U","EMPAID_SF","EMPAID_SF09",4,22,550159.138,4958704.414,"NAD83 11N",2,"N",2,"S","PIPO",4,53.3,136,232,12,0,NA,1,2015,1,2015,"H","oot","0","0"
"339",2017,"2017-05-19","EMPAID","EMPAID_NSF09A_2017","T","EMPAID_SF","EMPAID_SF09",148,47,550553.933,4958520.83,"NAD83 11N",2.2,"N",3,"S","PIPO",2.6,31.8,129,173,15,0,NA,3,2017,3,2017,"H","oot","0","0"
"340",2014,"2014-06-11","EMPAID","EMPAID_NSG08A_2014","OHB","Incidental","Incidental",260,45,523508.656,4986648.726,"NAD83 11N",16,"N",1,"S","PIPO",23,34,89,74,6,1,2012,0,NA,1,2012,"B","2","oot","2"
"341",2015,"2015-06-18","EMPAID","EMPAID_NSG09A_2015","OTB","Incidental","Incidental",188,40,523410.16,4986202.024,"NAD83 11N",4,"N",1,"S","PIPO",16,50.8,345,158,6,1,2012,2,2012,3,2012,"HB","3","3","3"
"342",2012,"2012-06-15","EMPAID","EMPAID_NSG10A_2012","OTB","Incidental","Incidental",102,38,523512.26,4985816.999,"NAD83 11N",5.4,"N",2,"S","PIPO",6.6,47,262,66,7,1,2012,1,2002,2,2012,"HB","0","10","0"
"343",2013,"2013-06-05","EMPAID","EMPAID_NSG10A_2013","OTB","Incidental","Incidental",121,30,523399.151331,4985907.25187,"NAD83 11N",2.2,"N",4,"S","PIPO",2.6,45.4,324,106,8.1,1,2012,2,2012,3,2012,"HB","1","1","1"
"344",2014,"2014-06-11","EMPAID","EMPAID_NSG10A_2014","OTB","Incidental","Incidental",170,60,523648.616,4985968.842,"NAD83 11N",1.7,"N",2,"S","PIPO",8.3,28.9,343,266,11,1,2012,1,2002,2,2012,"HB","2","12","2"
"345",2015,"2015-05-08","EMPAID","EMPAID_NSG10A_2015","OTB","Incidental","Incidental",251,43,523299.254,4986047.809,"NAD83 11N",1.9,"N",1,"S","PIPO",22.5,53.8,76,182,5,1,2012,2,2012,3,2012,"HB","3","3","3"
"346",2016,"2016-05-18","EMPAID","EMPAID_NSG10A_2016","OTB","Incidental","Incidental",62,50,523278.425,4986126.398,"NAD83 11N",1.9,"N",2,"S","PIPO",2.7,51.5,260,2,9,1,2012,2,2012,3,2012,"HB","4","4","4"
"347",2017,"2017-06-23","EMPAID","EMPAID_NSG10A_2017","OTB","Incidental","Incidental",338,13,523467.229,4986039.328,"NAD83 11N",2.5,"N",2,"S","PIPO",4.2,45,145,208,4.2,1,2012,2,2012,3,2012,"HB","5","5","5"
"348",2019,"2019-06-12","EMPAID","EMPAID_NSG10A_2019","OB","Incidental","Incidental",119,30,524038.756,4986190.011,"NAD83 11N",3.8,"N",2,"S","PIPO",8,34.9,250,216,19,1,2012,2,2012,3,2012,"HB","7","7","7"
"349",2013,"2013-06-06","EMPAID","EMPAID_NWM03A_2013","OHT","Incidental","Incidental",0,25,525885.408687,4967347.8372,"NAD83 11N",3.4,"N",2,"S","PIPO",9.2,67.7,184,128,8.5,0,NA,2,2011,2,2011,"H","oot","2","2"
"350",2014,"2014-06-13","EMPAID","EMPAID_NWM03A_2014","OHTB","Incidental","Incidental",270,35,525949.399,4967362.244,"NAD83 11N",2.9,"N",2,"S","PIPO",13.6,57.7,134,128,17,0,NA,3,2014,3,2014,"H","oot","0","0"
"351",2015,"2015-06-11","EMPAID","EMPAID_NWM03A_2015","OHTB","Incidental","Incidental",999,999,525861.334,4967210.543,"NAD83 11N",2.3,"N",2,"S","PIPO",2.7,76.3,334,340,14.5,0,NA,3,2014,3,2014,"H","oot","1","1"
"352",2016,"2016-05-24","EMPAID","EMPAID_NWM03A_2016","OHTB","Incidental","Incidental",223,65,525759.617,4967389.38,"NAD83 11N",2.4,"N",2,"S","PIPO",4.9,40.5,62,284,24,0,NA,3,2014,3,2014,"H","oot","2","2"
"353",2017,"2017-06-15","EMPAID","EMPAID_NWM03A_2017","OHTB","Incidental","Incidental",272,35,526013.009,4967326.547,"NAD83 11N",10.5,"N",2,"S","PIPO",15.9,53.9,72,344,16.5,0,NA,3,2014,3,2014,"H","oot","3","3"
"354",2018,"2018-06-12","EMPAID","EMPAID_NWM03A_2018","OHTB","Incidental","Incidental",345,20,525821.764,4967334.289,"NAD83 11N",3.5,"N",2,"S","PIPO",17.8,113.3,117,112,14.7,0,NA,3,2014,3,2014,"H","oot","4","4"
"355",2019,"2019-06-19","EMPAID","EMPAID_NWM03A_2019","OHTB","Incidental","Incidental",330,15,525828.888,4967410.06,"NAD83 11N",2,"N",3,"S","PIPO",2.9,42.8,166,155,20,0,NA,3,2014,3,2014,"H","oot","5","5"
"356",2015,"2015-07-06","EMPAID","EMPAID_NWM06A_2015","U","Incidental","Incidental",999,999,526272.606,4968415.121,"NAD83 11N",0.8,"N",2,"S","PIPO",1.1,66.1,353,114,2.8,1,2005,3,2013,4,2013,"HB","10","2","2"
"357",2012,"2012-06-28","EMPAID","EMPAID_NWM07A_2012","OHT","Incidental","Incidental",341,80,525786.933,4967395.199,"NAD83 11N",3.3,"N",2,"S","PIPO",5,44.5,158,101,21.8,0,NA,2,2011,2,2011,"H","oot","1","1"
"358",2015,"2015-06-15","EMPAID","EMPAID_NWRF-L08A_2015","HT","EMPAID_WRF-L","EMPAID_L08",121,24,548317.937,4971638.122,"NAD83 11N",2.5,"N",2,"S","PIPO",3,41.6,263,120,7,0,NA,2,2014,2,2014,"H","oot","1","1"
"359",2013,"2013-06-24","EMPAID","EMPAID_NWRF-M06A_2013","U","EMPAID_WRF-M","EMPAID_M06",166,32,549879.555528,4971410.2225,"NAD83 11N",7.1,"N",2,"S","PIPO",8.1,37.9,335,215,14.2,0,NA,0,NA,0,NA,"U","oot","oot","oot"
"360",2015,"2015-05-27","EMPAID","EMPAID_NWRF-M06A_2015","HT","EMPAID_WRF-M","EMPAID_M06",24,50,550057.014,4971157.211,"NAD83 11N",3,"N",2,"S","PIPO",7.5,52,200,116,13,0,NA,1,2014,1,2014,"H","oot","1","1"
"361",2016,"2016-05-26","EMPAID","EMPAID_NWRF-M06A_2016","HT","EMPAID_WRF-M","EMPAID_M06",97,65,550181.435,4971209.707,"NAD83 11N",2.1,"N",2,"S","PSMEG",2.7,24,270,245,12,0,NA,1,2014,1,2014,"H","oot","2","2"
"362",2019,"2019-06-26","EMPAID","EMPAID_NWRF-M08A_2019","B","EMPAID_WRF-M","EMPAID_M08",212,47,550530.356,4970338.646,"NAD83 11N",7.4,"N",1,"S","PIPO",18,76.4,15,223,23,1,2016,3,2016,4,2016,"HB","3","3","3"
"363",2018,"2018-06-08","EMPAID","EMPAID_NWRF-M09A_2018","HTB","EMPAID_WRF-M","EMPAID_M09",212,30,550469.074,4970091.851,"NAD83 11N",4.3,"N",2,"S","PIPO",5,53.7,50,270,31.5,1,2016,2,2015,3,2016,"HB","2","3","2"
